sentence_id,token_id,word,left_edge,right_edge,tag,tag_equiv,depth,stem
0,0,I,0,1,PRP,WP,15,I
0,1,welcome,1,8,VBP,VB,15,welcom
0,2,the,8,11,DT,DT,13,the
0,3,opportunity,11,22,NN,NN,13,opportun
0,4,to,22,24,TO,TO,13,to
0,5,speak,24,29,VB,VB,12,speak
0,6,on,29,31,IN,IN,11,on
0,7,this,31,35,DT,DT,9,thi
0,8,divisive,35,43,JJ,JJ,9,divis
0,9,issue,43,48,NN,NN,9,issu
0,10,",",48,49,",",",",10,","
0,11,which,49,54,WDT,WDT,8,which
0,12,has,54,57,VBZ,VB,7,ha
0,13,been,57,61,VBN,VB,6,been
0,14,at,61,63,IN,IN,5,at
0,15,the,63,66,DT,DT,3,the
0,16,heart,66,71,NN,NN,3,heart
0,17,of,71,73,IN,IN,3,of
0,18,debate,73,79,NN,NN,2,debat
0,19,since,79,84,IN,IN,5,sinc
0,20,1983,84,88,CD,CD,3,1983
0,21,and,88,91,CC,CC,4,and
0,22,the,91,94,DT,DT,2,the
0,23,insertion,94,103,NN,NN,2,insert
0,24,of,103,105,IN,IN,2,of
0,25,Article,105,112,NNP,NN,1,Articl
0,26,40.3.3,112,118,CD,CD,1,40.3.3
0,27,°,118,119,NNS,NN,1,°
1,0,into,0,4,IN,IN,2,into
1,1,the,4,7,DT,DT,1,the
1,2,Constitution,7,19,NNP,NN,1,Constitut
1,3,.,19,20,.,.,3,.
2,0,Like,0,4,IN,IN,12,Like
2,1,the,4,7,DT,DT,11,the
2,2,Minister,7,15,NNP,NN,11,Minist
2,3,",",15,16,",",",",13,","
2,4,I,16,17,PRP,WP,12,I
2,5,was,17,20,VBD,VB,12,wa
2,6,too,20,23,RB,RB,11,too
2,7,young,23,28,JJ,JJ,11,young
2,8,to,28,30,TO,TO,9,to
2,9,vote,30,34,VB,VB,8,vote
2,10,in,34,36,IN,IN,7,in
2,11,that,36,40,DT,DT,6,that
2,12,campaign,40,48,NN,NN,6,campaign
2,13,",",48,49,",",",",8,","
2,14,although,49,57,IN,IN,7,although
2,15,I,57,58,PRP,WP,5,I
2,16,am,58,60,VBP,VB,5,am
2,17,a,60,61,DT,DT,1,a
2,18,few,61,64,JJ,JJ,1,few
2,19,years,64,69,NNS,NN,2,year
2,20,older,69,74,JJR,JJ,3,older
2,21,than,74,78,IN,IN,3,than
2,22,him,78,81,PRP,WP,2,him
2,23,.,81,82,.,.,13,.
3,0,I,0,1,PRP,WP,11,I
3,1,was,1,4,VBD,VB,11,wa
3,2,only,4,8,RB,RB,9,onli
3,3,three,8,13,CD,CD,9,three
3,4,years,13,18,NNS,NN,9,year
3,5,short,18,23,JJ,JJ,10,short
3,6,of,23,25,IN,IN,9,of
3,7,being,25,30,VBG,VB,7,be
3,8,able,30,34,JJ,JJ,6,abl
3,9,to,34,36,TO,TO,4,to
3,10,vote,36,40,VB,VB,3,vote
3,11,in,40,42,IN,IN,2,in
3,12,1983,42,46,CD,CD,1,1983
3,13,.,46,47,.,.,12,.
4,0,All,0,3,DT,DT,15,All
4,1,of,3,5,IN,IN,15,of
4,2,this,5,9,DT,DT,14,thi
4,3,indicates,9,18,VBZ,VB,16,indic
4,4,that,18,22,IN,IN,15,that
4,5,there,22,27,EX,EX,13,there
4,6,is,27,29,VBZ,VB,13,is
4,7,a,29,30,DT,DT,11,a
4,8,large,30,35,JJ,JJ,11,larg
4,9,swathe,35,41,NN,NN,11,swath
4,10,of,41,43,IN,IN,11,of
4,11,people,43,49,NNS,NN,9,peopl
4,12,who,49,52,WP,WP,8,who
4,13,have,52,56,VBP,VB,7,have
4,14,never,56,61,RB,RB,6,never
4,15,had,61,64,VBN,VB,6,had
4,16,an,64,66,DT,DT,5,an
4,17,opportunity,66,77,NN,NN,5,opportun
4,18,to,77,79,TO,TO,4,to
4,19,cast,79,83,VB,VB,3,cast
4,20,an,83,85,DT,DT,2,an
4,21,opinion,85,92,NN,NN,2,opinion
4,22,on,92,94,IN,IN,2,on
4,23,this,94,98,DT,DT,1,thi
4,24,issue,98,103,NN,NN,1,issu
4,25,.,103,104,.,.,17,.
5,0,It,0,2,PRP,WP,13,It
5,1,should,2,8,MD,MD,13,should
5,2,be,8,10,VB,VB,12,be
5,3,borne,10,15,VBN,VB,11,born
5,4,in,15,17,IN,IN,10,in
5,5,mind,17,21,NN,NN,9,mind
5,6,that,21,25,IN,IN,10,that
5,7,it,25,27,PRP,WP,8,it
5,8,is,27,29,VBZ,VB,8,is
5,9,primarily,29,38,RB,RB,7,primarili
5,10,women,38,43,NNS,NN,6,women
5,11,of,43,45,IN,IN,6,of
5,12,childbearing,45,57,VBG,VB,5,childbear
5,13,age,57,60,NN,NN,5,ag
5,14,who,60,63,WP,WP,3,who
5,15,are,63,66,VBP,VB,2,ar
5,16,most,66,70,RBS,RB,1,most
5,17,affected,70,78,VBN,VB,1,affect
5,18,",",78,79,",",",",15,","
5,19,yet,79,82,CC,CC,15,yet
5,20,they,82,86,PRP,WP,13,thei
5,21,have,86,90,VBP,VB,13,have
5,22,never,90,95,RB,RB,12,never
5,23,had,95,98,VBN,VB,12,had
5,24,an,98,100,DT,DT,11,an
5,25,opportunity,100,111,NN,NN,11,opportun
5,26,to,111,113,TO,TO,10,to
5,27,cast,113,117,VB,VB,9,cast
5,28,their,117,122,PRP$,WP,8,their
5,29,view,122,126,NN,NN,8,view
5,30,.,126,127,.,.,15,.
6,0,Since,0,5,IN,IN,6,Sinc
6,1,being,5,10,VBG,VB,4,be
6,2,appointed,10,19,VBN,VB,3,appoint
6,3,Fianna,19,25,NNP,NN,1,Fianna
6,4,Fáil,25,29,NNP,NN,1,Fáil
6,5,'s,29,31,POS,POS,1,'s
6,6,spokesperson,31,43,NN,NN,2,spokesperson
6,7,on,43,45,IN,IN,2,on
6,8,health,45,51,NN,NN,1,health
6,9,",",51,52,",",",",7,","
6,10,I,52,53,PRP,WP,6,I
6,11,have,53,57,VBP,VB,6,have
6,12,been,57,61,VBN,VB,5,been
6,13,grappling,61,70,VBG,VB,4,grappl
6,14,with,70,74,IN,IN,3,with
6,15,this,74,78,DT,DT,2,thi
6,16,issue,78,83,NN,NN,2,issu
6,17,.,83,84,.,.,7,.
7,0,We,0,2,PRP,WP,9,We
7,1,debated,2,9,VBN,VB,9,debat
7,2,it,9,11,PRP,WP,6,it
7,3,in,11,13,IN,IN,6,in
7,4,the,13,16,DT,DT,4,the
7,5,context,16,23,NN,NN,4,context
7,6,of,23,25,IN,IN,4,of
7,7,the,25,28,DT,DT,2,the
7,8,Protection,28,38,NNP,NN,2,Protect
7,9,of,38,40,IN,IN,2,of
7,10,Life,40,44,NNP,NN,1,Life
7,11,During,44,50,IN,IN,7,Dure
7,12,Pregnancy,50,59,NNP,NN,6,Pregnanc
7,13,Act,59,62,NNP,NN,6,Act
7,14,.,62,63,.,.,10,.
8,0,I,0,1,PRP,WP,4,I
8,1,sat,1,4,VBD,VB,4,sat
8,2,on,4,6,IN,IN,3,on
8,3,the,6,9,DT,DT,2,the
8,4,committee,9,18,NN,NN,2,committe
8,5,chaired,18,25,VBD,VB,5,chair
8,6,by,25,27,IN,IN,4,by
8,7,now,27,30,RB,RB,3,now
8,8,Senator,30,37,NNP,NN,4,Senat
8,9,Buttimer,37,45,NNP,NN,4,Buttim
8,10,that,45,49,WDT,WDT,3,that
8,11,formulated,49,59,VBN,VB,2,formul
8,12,that,59,63,DT,DT,1,that
8,13,debate,63,69,NN,NN,1,debat
8,14,.,69,70,.,.,6,.
9,0,It,0,2,PRP,WP,15,It
9,1,was,2,5,VBD,VB,15,wa
9,2,insightful,5,15,JJ,JJ,14,insight
9,3,because,15,22,IN,IN,14,becaus
9,4,that,22,26,DT,DT,12,that
9,5,was,26,29,VBD,VB,12,wa
9,6,the,29,32,DT,DT,11,the
9,7,first,32,37,JJ,JJ,11,first
9,8,time,37,41,NN,NN,11,time
9,9,that,41,45,IN,IN,11,that
9,10,we,45,47,PRP,WP,7,we
9,11,as,47,49,IN,IN,7,as
9,12,an,49,51,DT,DT,6,an
9,13,Oireachtas,51,61,NNPS,NN,6,Oireachta
9,14,tried,61,66,VBD,VB,8,tri
9,15,to,66,68,TO,TO,6,to
9,16,deal,68,72,VB,VB,5,deal
9,17,with,72,76,IN,IN,4,with
9,18,the,76,79,DT,DT,2,the
9,19,issue,79,84,NN,NN,2,issu
9,20,in,84,86,IN,IN,2,in
9,21,a,86,87,DT,DT,1,a
9,22,non-political,87,100,JJ,JJ,1,non-polit
9,23,way,100,103,NN,NN,1,wai
9,24,",",103,104,",",",",8,","
9,25,recognising,104,115,VBG,VB,6,recognis
9,26,that,115,119,IN,IN,5,that
9,27,it,119,121,PRP,WP,3,it
9,28,was,121,124,VBD,VB,3,wa
9,29,socially,124,132,RB,RB,2,social
9,30,divisive,132,140,JJ,JJ,2,divis
9,31,and,140,143,CC,CC,10,and
9,32,people,143,149,NNS,NN,8,peopl
9,33,had,149,152,VBD,VB,8,had
9,34,strong,152,158,JJ,JJ,6,strong
9,35,feelings,158,166,NNS,NN,6,feel
9,36,on,166,168,IN,IN,6,on
9,37,it,168,170,PRP,WP,5,it
9,38,.,170,171,.,.,16,.
10,0,My,0,2,PRP$,WP,3,My
10,1,leader,2,8,NN,NN,3,leader
10,2,",",8,9,",",",",4,","
10,3,Deputy,9,15,NNP,NN,3,Deputi
10,4,Micheál,15,22,NNP,NN,3,Micheál
10,5,Martin,22,28,NNP,NN,3,Martin
10,6,",",28,29,",",",",4,","
10,7,subsequently,29,41,RB,RB,2,subsequ
10,8,allowed,41,48,VBD,VB,3,allow
10,9,us,48,50,PRP,WP,1,us
10,10,a,50,51,DT,DT,1,a
10,11,free,51,55,JJ,JJ,1,free
10,12,vote,55,59,NN,NN,1,vote
10,13,-,59,60,:,:,4,-
10,14,a,60,61,DT,DT,2,a
10,15,vote,61,65,NN,NN,2,vote
10,16,of,65,67,IN,IN,2,of
10,17,conscience,67,77,NN,NN,1,conscienc
10,18,.,77,78,.,.,5,.
11,0,Some,0,4,DT,DT,5,Some
11,1,parties,4,11,NNS,NN,5,parti
11,2,have,11,15,VBP,VB,5,have
11,3,followed,15,23,VBN,VB,4,follow
11,4,us,23,25,PRP,WP,3,us
11,5,in,25,27,IN,IN,3,in
11,6,that,27,31,DT,DT,2,that
11,7,while,31,36,IN,IN,3,while
11,8,others,36,42,NNS,NN,1,other
11,9,have,42,46,VBP,VB,1,have
11,10,not,46,49,RB,RB,1,not
11,11,.,49,50,.,.,6,.
12,0,That,0,4,DT,DT,2,That
12,1,is,4,6,VBZ,VB,2,is
12,2,entirely,6,14,RB,RB,1,entir
12,3,their,14,19,PRP$,WP,1,their
12,4,entitlement,19,30,NN,NN,1,entitl
12,5,.,30,31,.,.,3,.
13,0,It,0,2,PRP,WP,9,It
13,1,is,2,4,VBZ,VB,9,is
13,2,not,4,7,RB,RB,9,not
13,3,for,7,10,IN,IN,8,for
13,4,me,10,12,PRP,WP,6,me
13,5,to,12,14,TO,TO,6,to
13,6,say,14,17,VB,VB,5,sai
13,7,whether,17,24,IN,IN,4,whether
13,8,they,24,28,PRP,WP,2,thei
13,9,should,28,34,MD,MD,1,should
13,10,or,34,36,CC,CC,2,or
13,11,should,36,42,MD,MD,1,should
13,12,not,42,45,RB,RB,1,not
13,13,.,45,46,.,.,10,.
14,0,Since,0,5,IN,IN,10,Sinc
14,1,being,5,10,VBG,VB,8,be
14,2,appointed,10,19,VBN,VB,7,appoint
14,3,health,19,25,NN,NN,6,health
14,4,spokesperson,25,37,NN,NN,6,spokesperson
14,5,",",37,38,",",",",11,","
14,6,I,38,39,PRP,WP,10,I
14,7,have,39,43,VBP,VB,10,have
14,8,tried,43,48,VBN,VB,8,tri
14,9,to,48,50,TO,TO,6,to
14,10,take,50,54,VB,VB,5,take
14,11,the,54,57,DT,DT,4,the
14,12,political,57,66,JJ,JJ,4,polit
14,13,element,66,73,NN,NN,4,element
14,14,out,73,76,RP,RP,4,out
14,15,of,76,78,IN,IN,4,of
14,16,this,78,82,DT,DT,3,thi
14,17,issue,82,87,NN,NN,3,issu
14,18,",",87,88,",",",",9,","
14,19,given,88,93,VBN,VB,8,given
14,20,that,93,97,IN,IN,7,that
14,21,it,97,99,PRP,WP,5,it
14,22,has,99,102,VBZ,VB,5,ha
14,23,been,102,106,VBN,VB,4,been
14,24,charged,106,113,VBN,VB,3,charg
14,25,for,113,116,IN,IN,2,for
14,26,a,116,117,DT,DT,1,a
14,27,long,117,121,JJ,JJ,1,long
14,28,time,121,125,NN,NN,1,time
14,29,and,125,128,CC,CC,9,and
14,30,has,128,131,VBZ,VB,8,ha
14,31,occasionally,131,143,RB,RB,7,occasion
14,32,been,143,147,VBN,VB,7,been
14,33,used,147,151,VBN,VB,6,us
14,34,by,151,153,IN,IN,5,by
14,35,political,153,162,JJ,JJ,3,polit
14,36,parties,162,169,NNS,NN,3,parti
14,37,of,169,171,IN,IN,3,of
14,38,all,171,174,DT,DT,1,all
14,39,persuasions,174,185,NNS,NN,1,persuas
14,40,and,185,188,CC,CC,2,and
14,41,none,188,192,NN,NN,1,none
14,42,.,192,193,.,.,11,.
15,0,We,0,2,PRP,WP,4,We
15,1,have,2,6,VBP,VB,4,have
15,2,gone,6,10,VBN,VB,3,gone
15,3,beyond,10,16,IN,IN,2,beyond
15,4,that,16,20,DT,DT,1,that
15,5,now,20,23,RB,RB,2,now
15,6,.,23,24,.,.,5,.
16,0,Our,0,3,PRP$,WP,9,Our
16,1,society,3,10,NN,NN,9,societi
16,2,is,10,12,VBZ,VB,9,is
16,3,mature,12,18,JJ,JJ,8,matur
16,4,enough,18,24,RB,RB,8,enough
16,5,to,24,26,TO,TO,6,to
16,6,have,26,30,VB,VB,5,have
16,7,a,30,31,DT,DT,4,a
16,8,respectful,31,41,JJ,JJ,3,respect
16,9,",",41,42,",",",",3,","
16,10,incisive,42,50,JJ,JJ,3,incis
16,11,and,50,53,CC,CC,3,and
16,12,decisive,53,61,JJ,JJ,3,decis
16,13,debate,61,67,NN,NN,4,debat
16,14,on,67,69,IN,IN,4,on
16,15,this,69,73,DT,DT,3,thi
16,16,issue,73,78,NN,NN,3,issu
16,17,",",78,79,",",",",5,","
16,18,with,79,83,IN,IN,4,with
16,19,the,83,86,DT,DT,2,the
16,20,people,86,92,NNS,NN,2,peopl
16,21,ultimately,92,102,RB,RB,1,ultim
16,22,deciding,102,110,VBG,VB,2,decid
16,23,.,110,111,.,.,10,.
17,0,I,0,1,PRP,WP,3,I
17,1,also,1,5,RB,RB,3,also
17,2,sat,5,8,VBD,VB,3,sat
17,3,on,8,10,IN,IN,2,on
17,4,the,10,13,DT,DT,1,the
17,5,joint,13,18,JJ,JJ,1,joint
17,6,Oireachtas,18,28,NNP,NN,1,Oireachta
17,7,committee,28,37,NN,NN,1,committe
17,8,.,37,38,.,.,4,.
18,0,I,0,1,PRP,WP,7,I
18,1,pay,1,4,VBP,VB,7,pai
18,2,tribute,4,11,NN,NN,6,tribut
18,3,to,11,13,TO,TO,6,to
18,4,the,13,16,DT,DT,4,the
18,5,Citizens,16,24,NNPS,NN,4,Citizen
18,6,',24,25,POS,POS,4,'
18,7,Assembly,25,33,NN,NN,5,Assembl
18,8,",",33,34,",",",",9,","
18,9,chaired,34,41,VBD,VB,8,chair
18,10,by,41,43,IN,IN,7,by
18,11,Ms,43,45,NNP,NN,6,Ms
18,12,Justice,45,52,NNP,NN,6,Justic
18,13,Mary,52,56,NNP,NN,7,Mari
18,14,Laffoy,56,62,NNP,NN,7,Laffoi
18,15,",",62,63,",",",",8,","
18,16,who,63,66,WP,WP,6,who
18,17,outlined,66,74,VBD,VB,5,outlin
18,18,the,74,77,DT,DT,2,the
18,19,assembly,77,85,NN,NN,2,assembl
18,20,'s,85,87,POS,POS,2,'s
18,21,workings,87,95,NNS,NN,3,work
18,22,and,95,98,CC,CC,4,and
18,23,the,98,101,DT,DT,2,the
18,24,reasoning,101,110,NN,NN,2,reason
18,25,behind,110,116,IN,IN,2,behind
18,26,its,116,119,PRP$,WP,1,it
18,27,conclusions,119,130,NNS,NN,1,conclus
18,28,and,130,133,CC,CC,1,and
18,29,recommendations,133,148,NNS,NN,1,recommend
18,30,.,148,149,.,.,9,.
19,0,Our,0,3,PRP$,WP,7,Our
19,1,committee,3,12,NN,NN,7,committe
19,2,was,12,15,VBD,VB,7,wa
19,3,charged,15,22,VBN,VB,6,charg
19,4,by,22,24,IN,IN,5,by
19,5,the,24,27,DT,DT,4,the
19,6,Oireachtas,27,37,NNPS,NN,4,Oireachta
19,7,to,37,39,TO,TO,4,to
19,8,examine,39,46,VB,VB,2,examin
19,9,those,46,51,DT,DT,1,those
19,10,recommendations,51,66,NNS,NN,1,recommend
19,11,and,66,69,CC,CC,3,and
19,12,reach,69,74,VB,VB,2,reach
19,13,our,74,77,PRP$,WP,1,our
19,14,own,77,80,JJ,JJ,1,own
19,15,determinations,80,94,NNS,NN,1,determin
19,16,.,94,95,.,.,8,.
20,0,The,0,3,DT,DT,3,The
20,1,committee,3,12,NN,NN,3,committe
20,2,did,12,15,VBD,VB,3,did
20,3,not,15,18,RB,RB,3,not
20,4,reach,18,23,VB,VB,2,reach
20,5,a,23,24,DT,DT,1,a
20,6,unanimous,24,33,JJ,JJ,1,unanim
20,7,view,33,37,NN,NN,1,view
20,8,.,37,38,.,.,4,.
21,0,Rather,0,6,RB,RB,5,Rather
21,1,",",6,7,",",",",6,","
21,2,there,7,12,EX,EX,5,there
21,3,was,12,15,VBD,VB,5,wa
21,4,a,15,16,DT,DT,3,a
21,5,majority,16,24,NN,NN,3,major
21,6,view,24,28,NN,NN,3,view
21,7,and,28,31,CC,CC,4,and
21,8,a,31,32,DT,DT,3,a
21,9,dissenting,32,42,VBG,VB,3,dissent
21,10,view,42,46,NN,NN,3,view
21,11,",",46,47,",",",",5,","
21,12,with,47,51,IN,IN,4,with
21,13,varying,51,58,VBG,VB,2,vari
21,14,views,58,63,NNS,NN,2,view
21,15,even,63,67,RB,RB,2,even
21,16,within,67,73,IN,IN,2,within
21,17,those,73,78,DT,DT,1,those
21,18,.,78,79,.,.,6,.
22,0,I,0,1,PRP,WP,4,I
22,1,respect,1,8,VB,VB,4,respect
22,2,every,8,13,DT,DT,2,everi
22,3,one,13,16,NN,NN,2,on
22,4,of,16,18,IN,IN,2,of
22,5,those,18,23,DT,DT,1,those
22,6,views,23,28,NNS,NN,1,view
22,7,.,28,29,.,.,5,.
23,0,If,0,2,IN,IN,12,If
23,1,we,2,4,PRP,WP,10,we
23,2,are,4,7,VBP,VB,10,ar
23,3,to,7,9,TO,TO,8,to
23,4,allow,9,14,VB,VB,7,allow
23,5,the,14,17,DT,DT,6,the
23,6,people,17,23,NNS,NN,6,peopl
23,7,the,23,26,DT,DT,6,the
23,8,space,26,31,NN,NN,6,space
23,9,to,31,33,TO,TO,4,to
23,10,grapple,33,40,VB,VB,3,grappl
23,11,with,40,44,IN,IN,2,with
23,12,this,44,48,DT,DT,1,thi
23,13,issue,48,53,NN,NN,1,issu
23,14,",",53,54,",",",",13,","
23,15,we,54,56,PRP,WP,12,we
23,16,in,56,58,IN,IN,12,in
23,17,this,58,62,DT,DT,11,thi
23,18,Chamber,62,69,NNP,NN,11,Chamber
23,19,must,69,73,MD,MD,12,must
23,20,equally,73,80,RB,RB,11,equal
23,21,acknowledge,80,91,VB,VB,11,acknowledg
23,22,that,91,95,IN,IN,10,that
23,23,people,95,101,NNS,NN,8,peopl
23,24,have,101,105,VBP,VB,8,have
23,25,deeply,105,111,RB,RB,6,deepli
23,26,held,111,115,VBN,VB,7,held
23,27,views,115,120,NNS,NN,5,view
23,28,-,120,121,:,:,6,-
23,29,morally,121,128,JJ,JJ,4,moral
23,30,",",128,129,",",",",5,","
23,31,ethically,129,138,JJ,JJ,4,ethic
23,32,and,138,141,CC,CC,5,and
23,33,even,141,145,RB,RB,4,even
23,34,religiously,145,156,VBN,VB,4,religi
23,35,.,156,157,.,.,13,.
24,0,That,0,4,DT,DT,16,That
24,1,aside,4,9,RB,RB,16,asid
24,2,",",9,10,",",",",18,","
24,3,my,10,12,PRP$,WP,17,my
24,4,personal,12,20,JJ,JJ,16,person
24,5,or,20,22,CC,CC,16,or
24,6,political,22,31,JJ,JJ,16,polit
24,7,discomfort,31,41,NN,NN,17,discomfort
24,8,is,41,43,VBZ,VB,17,is
24,9,nothing,43,50,NN,NN,15,noth
24,10,compared,50,58,VBN,VB,15,compar
24,11,with,58,62,IN,IN,14,with
24,12,the,62,65,DT,DT,12,the
24,13,discomfort,65,75,NN,NN,12,discomfort
24,14,caused,75,81,VBN,VB,12,caus
24,15,to,81,83,TO,TO,11,to
24,16,women,83,88,NNS,NN,7,women
24,17,every,88,93,DT,DT,7,everi
24,18,day,93,96,NN,NN,7,dai
24,19,of,96,98,IN,IN,8,of
24,20,the,98,101,DT,DT,6,the
24,21,week,101,105,NN,NN,6,week
24,22,who,105,108,WP,WP,5,who
24,23,are,108,111,VBP,VB,4,ar
24,24,grappling,111,120,VBG,VB,3,grappl
24,25,with,120,124,IN,IN,2,with
24,26,crisis,124,130,NN,NN,1,crisi
24,27,or,130,132,CC,CC,1,or
24,28,unwanted,132,140,JJ,JJ,1,unwant
24,29,pregnancies,140,151,NNS,NN,1,pregnanc
24,30,or,151,153,CC,CC,10,or
24,31,the,153,156,DT,DT,8,the
24,32,devastating,156,167,VBG,VB,8,devast
24,33,news,167,171,NN,NN,8,new
24,34,of,171,173,IN,IN,8,of
24,35,fatal,173,178,JJ,JJ,7,fatal
24,36,foetal,178,184,JJ,JJ,7,foetal
24,37,abnormalities,184,197,NNS,NN,7,abnorm
24,38,.,197,198,.,.,18,.
25,0,We,0,2,PRP,WP,5,We
25,1,must,2,6,MD,MD,5,must
25,2,be,6,8,VB,VB,4,be
25,3,conscious,8,17,JJ,JJ,3,consciou
25,4,of,17,19,IN,IN,2,of
25,5,that,19,23,WDT,WDT,1,that
25,6,.,23,24,.,.,6,.
26,0,The,0,3,DT,DT,8,The
26,1,Minister,3,11,NNP,NN,8,Minist
26,2,outlined,11,19,VBD,VB,8,outlin
26,3,that,19,23,IN,IN,7,that
26,4,"170,000",23,30,NNS,NN,5,"170,000"
26,5,plus,30,34,CC,CC,5,plu
26,6,women,34,39,NNS,NN,5,women
26,7,had,39,42,VBD,VB,5,had
26,8,left,42,46,VBN,VB,4,left
26,9,this,46,50,DT,DT,2,thi
26,10,State,50,55,NN,NN,2,State
26,11,for,55,58,IN,IN,2,for
26,12,terminations,58,70,NNS,NN,1,termin
26,13,.,70,71,.,.,9,.
27,0,We,0,2,PRP,WP,5,We
27,1,have,2,6,VBP,VB,5,have
27,2,been,6,10,VBN,VB,4,been
27,3,exporting,10,19,VBG,VB,3,export
27,4,our,19,22,PRP$,WP,2,our
27,5,problem,22,29,NN,NN,2,problem
27,6,for,29,32,IN,IN,2,for
27,7,a,32,33,DT,DT,1,a
27,8,long,33,37,JJ,JJ,1,long
27,9,time,37,41,NN,NN,1,time
27,10,.,41,42,.,.,6,.
28,0,It,0,2,PRP,WP,6,It
28,1,is,2,4,VBZ,VB,6,is
28,2,our,4,7,PRP$,WP,5,our
28,3,duty,7,11,NN,NN,5,duti
28,4,to,11,13,TO,TO,3,to
28,5,address,13,20,VB,VB,2,address
28,6,this,20,24,DT,DT,1,thi
28,7,issue,24,29,NN,NN,1,issu
28,8,.,29,30,.,.,7,.
29,0,With,0,4,IN,IN,9,With
29,1,the,4,7,DT,DT,6,the
29,2,best,7,11,JJS,JJ,6,best
29,3,will,11,15,NN,NN,6,will
29,4,in,15,17,IN,IN,6,in
29,5,the,17,20,DT,DT,5,the
29,6,world,20,25,NN,NN,5,world
29,7,",",25,26,",",",",8,","
29,8,and,26,29,CC,CC,8,and
29,9,although,29,37,IN,IN,7,although
29,10,people,37,43,NNS,NN,5,peopl
29,11,have,43,47,VBP,VB,5,have
29,12,varying,47,54,VBG,VB,3,vari
29,13,opinions,54,62,NNS,NN,3,opinion
29,14,on,62,64,IN,IN,3,on
29,15,this,64,68,DT,DT,2,thi
29,16,",",68,69,",",",",10,","
29,17,we,69,71,PRP,WP,9,we
29,18,can,71,74,MD,MD,9,can
29,19,not,74,77,RB,RB,9,not
29,20,do,77,79,VB,VB,8,do
29,21,anything,79,87,NN,NN,7,anyth
29,22,other,87,92,JJ,JJ,7,other
29,23,than,92,96,IN,IN,7,than
29,24,what,96,100,WP,WP,5,what
29,25,we,100,102,PRP,WP,4,we
29,26,have,102,106,VBP,VB,4,have
29,27,legislated,106,116,VBN,VB,3,legisl
29,28,for,116,119,IN,IN,2,for
29,29,already,119,126,RB,RB,1,alreadi
29,30,unless,126,132,IN,IN,7,unless
29,31,we,132,134,PRP,WP,5,we
29,32,repeal,134,140,VB,VB,4,repeal
29,33,",",140,141,",",",",5,","
29,34,amend,141,146,VB,VB,4,amend
29,35,or,146,148,CC,CC,5,or
29,36,replace,148,155,VB,VB,4,replac
29,37,Article,155,162,NNP,NN,3,Articl
29,38,40.3.3,162,168,CD,CD,3,40.3.3
29,39,°,168,169,NNS,NN,3,°
29,40,.,169,170,.,.,10,.
30,0,We,0,2,PRP,WP,9,We
30,1,have,2,6,VBP,VB,9,have
30,2,to,6,8,TO,TO,7,to
30,3,change,8,14,VB,VB,6,chang
30,4,what,14,18,WP,WP,4,what
30,5,is,18,20,VBZ,VB,3,is
30,6,in,20,22,IN,IN,2,in
30,7,our,22,25,PRP$,WP,1,our
30,8,Constitution,25,37,NN,NN,1,Constitut
30,9,.,37,38,.,.,10,.
31,0,That,0,4,DT,DT,7,That
31,1,will,4,8,MD,MD,7,will
31,2,be,8,10,VB,VB,6,be
31,3,the,10,13,DT,DT,4,the
31,4,first,13,18,JJ,JJ,4,first
31,5,step,18,22,NN,NN,4,step
31,6,towards,22,29,IN,IN,4,toward
31,7,addressing,29,39,VBG,VB,2,address
31,8,this,39,43,DT,DT,1,thi
31,9,issue,43,48,NN,NN,1,issu
31,10,.,48,49,.,.,8,.
32,0,It,0,2,PRP,WP,18,It
32,1,would,2,7,MD,MD,18,would
32,2,be,7,9,VB,VB,17,be
32,3,easy,9,13,JJ,JJ,16,easi
32,4,for,13,16,IN,IN,16,for
32,5,me,16,18,PRP,WP,14,me
32,6,and,18,21,CC,CC,14,and
32,7,others,21,27,NNS,NN,14,other
32,8,contributing,27,39,VBG,VB,14,contribut
32,9,in,39,41,IN,IN,13,in
32,10,this,41,45,DT,DT,12,thi
32,11,debate,45,51,NN,NN,12,debat
32,12,to,51,53,TO,TO,10,to
32,13,keep,53,57,VB,VB,8,keep
32,14,our,57,60,PRP$,WP,7,our
32,15,heads,60,65,NNS,NN,7,head
32,16,down,65,69,RP,RP,7,down
32,17,and,69,72,CC,CC,9,and
32,18,hope,72,76,VB,VB,8,hope
32,19,that,76,80,IN,IN,7,that
32,20,the,80,83,DT,DT,5,the
32,21,issue,83,88,NN,NN,5,issu
32,22,goes,88,92,VBZ,VB,5,goe
32,23,away,92,96,RP,RP,4,awai
32,24,but,96,99,CC,CC,4,but
32,25,",",99,100,",",",",5,","
32,26,as,100,102,IN,IN,4,as
32,27,a,102,103,DT,DT,2,a
32,28,generation,103,113,NN,NN,2,gener
32,29,of,113,115,IN,IN,2,of
32,30,politicians,115,126,NNS,NN,1,politician
32,31,",",126,127,",",",",20,","
32,32,we,127,129,PRP,WP,19,we
32,33,have,129,133,VBP,VB,19,have
32,34,to,133,135,TO,TO,17,to
32,35,deal,135,139,VB,VB,16,deal
32,36,with,139,143,IN,IN,15,with
32,37,it,143,145,PRP,WP,14,it
32,38,.,145,146,.,.,20,.
33,0,We,0,2,PRP,WP,15,We
33,1,have,2,6,VBP,VB,15,have
33,2,to,6,8,TO,TO,13,to
33,3,give,8,12,VB,VB,12,give
33,4,the,12,15,DT,DT,11,the
33,5,people,15,21,NNS,NN,11,peopl
33,6,an,21,23,DT,DT,11,an
33,7,opportunity,23,34,NN,NN,11,opportun
33,8,to,34,36,TO,TO,9,to
33,9,express,36,43,VB,VB,8,express
33,10,their,43,48,PRP$,WP,7,their
33,11,opinion,48,55,NN,NN,7,opinion
33,12,in,55,57,IN,IN,7,in
33,13,light,57,62,NN,NN,5,light
33,14,of,62,64,IN,IN,5,of
33,15,the,64,67,DT,DT,4,the
33,16,fact,67,71,NN,NN,4,fact
33,17,that,71,75,IN,IN,7,that
33,18,the,75,78,DT,DT,4,the
33,19,last,78,82,JJ,JJ,4,last
33,20,time,82,86,NN,NN,4,time
33,21,they,86,90,PRP,WP,2,thei
33,22,had,90,93,VBD,VB,2,had
33,23,such,93,97,PDT,PDT,1,such
33,24,an,97,99,DT,DT,1,an
33,25,opportunity,99,110,NN,NN,1,opportun
33,26,was,110,113,VBD,VB,5,wa
33,27,in,113,115,IN,IN,4,in
33,28,1983,115,119,CD,CD,3,1983
33,29,.,119,120,.,.,16,.
34,0,Ireland,0,7,NNP,NN,7,Ireland
34,1,has,7,10,VBZ,VB,7,ha
34,2,fundamentally,10,23,RB,RB,6,fundament
34,3,changed,23,30,VBN,VB,6,chang
34,4,in,30,32,IN,IN,5,in
34,5,many,32,36,JJ,JJ,4,mani
34,6,respects,36,44,NNS,NN,4,respect
34,7,since,44,49,IN,IN,5,sinc
34,8,then,49,53,RB,RB,4,then
34,9,",",53,54,",",",",6,","
34,10,as,54,56,IN,IN,5,as
34,11,outlined,56,64,VBN,VB,3,outlin
34,12,by,64,66,IN,IN,2,by
34,13,the,66,69,DT,DT,1,the
34,14,Minister,69,77,NNP,NN,1,Minist
34,15,.,77,78,.,.,8,.
35,0,It,0,2,PRP,WP,9,It
35,1,has,2,5,VBZ,VB,9,ha
35,2,changed,5,12,VBN,VB,8,chang
35,3,most,12,16,RBS,RB,7,most
35,4,in,16,18,IN,IN,7,in
35,5,how,18,21,WRB,RB,5,how
35,6,women,21,26,NNS,NN,4,women
35,7,have,26,30,VBP,VB,4,have
35,8,become,30,36,VBN,VB,3,becom
35,9,more,36,40,RBR,RB,1,more
35,10,assertive,40,49,JJ,JJ,1,assert
35,11,.,49,50,.,.,10,.
36,0,They,0,4,PRP,WP,16,Thei
36,1,now,4,7,RB,RB,16,now
36,2,have,7,11,VBP,VB,16,have
36,3,an,11,13,DT,DT,15,an
36,4,opportunity,13,24,NN,NN,15,opportun
36,5,to,24,26,TO,TO,13,to
36,6,put,26,29,VB,VB,12,put
36,7,themselves,29,39,PRP,WP,11,themselv
36,8,at,39,41,IN,IN,10,at
36,9,the,41,44,DT,DT,8,the
36,10,heart,44,49,NN,NN,8,heart
36,11,of,49,51,IN,IN,8,of
36,12,this,51,55,DT,DT,6,thi
36,13,debate,55,61,NN,NN,6,debat
36,14,",",61,62,",",",",7,","
36,15,which,62,67,WDT,WDT,5,which
36,16,is,67,69,VBZ,VB,4,is
36,17,primarily,69,78,RB,RB,3,primarili
36,18,about,78,83,IN,IN,3,about
36,19,women,83,88,NNS,NN,1,women
36,20,'s,88,90,POS,POS,1,'s
36,21,rights,90,96,NNS,NN,2,right
36,22,and,96,99,CC,CC,2,and
36,23,health,99,105,NN,NN,2,health
36,24,care,105,109,NN,NN,2,care
36,25,and,109,112,CC,CC,11,and
36,26,about,112,117,IN,IN,10,about
36,27,giving,117,123,VBG,VB,8,give
36,28,them,123,127,PRP,WP,7,them
36,29,equal,127,132,JJ,JJ,6,equal
36,30,opportunity,132,143,NN,NN,6,opportun
36,31,in,143,145,IN,IN,6,in
36,32,the,145,148,DT,DT,5,the
36,33,Republic,148,156,NNP,NN,5,Republ
36,34,.,156,157,.,.,17,.
37,0,We,0,2,PRP,WP,10,We
37,1,can,2,5,MD,MD,10,can
37,2,not,5,8,RB,RB,10,not
37,3,have,8,12,VB,VB,9,have
37,4,a,12,13,DT,DT,7,a
37,5,situation,13,22,NN,NN,7,situat
37,6,in,22,24,IN,IN,6,in
37,7,which,24,29,WDT,WDT,5,which
37,8,a,29,30,DT,DT,5,a
37,9,woman,30,35,NN,NN,5,woman
37,10,becomes,35,42,VBZ,VB,5,becom
37,11,a,42,43,DT,DT,4,a
37,12,second-class,43,55,JJ,JJ,4,second-class
37,13,citizen,55,62,NN,NN,4,citizen
37,14,upon,62,66,IN,IN,4,upon
37,15,becoming,66,74,VBG,VB,2,becom
37,16,pregnant,74,82,JJ,JJ,1,pregnant
37,17,.,82,83,.,.,11,.
38,0,We,0,2,PRP,WP,7,We
38,1,must,2,6,MD,MD,7,must
38,2,understand,6,16,VB,VB,6,understand
38,3,that,16,20,IN,IN,5,that
38,4,that,20,24,DT,DT,3,that
38,5,is,24,26,VBZ,VB,3,is
38,6,no,26,28,RB,RB,1,no
38,7,longer,28,34,RBR,RB,1,longer
38,8,acceptable,34,44,JJ,JJ,2,accept
38,9,.,44,45,.,.,8,.
39,0,People,0,6,NNS,NN,7,Peopl
39,1,have,6,10,VBP,VB,7,have
39,2,asked,10,15,VBN,VB,6,ask
39,3,me,15,17,PRP,WP,5,me
39,4,how,17,20,WRB,RB,4,how
39,5,the,20,23,DT,DT,3,the
39,6,committee,23,32,NN,NN,3,committe
39,7,arrived,32,39,VBD,VB,3,arriv
39,8,at,39,41,IN,IN,2,at
39,9,our,41,44,PRP$,WP,1,our
39,10,recommendations,44,59,NNS,NN,1,recommend
39,11,.,59,60,.,.,8,.
40,0,The,0,3,DT,DT,9,The
40,1,Citizens,3,11,NNPS,NN,9,Citizen
40,2,',11,12,POS,POS,9,'
40,3,Assembly,12,20,NN,NN,10,Assembl
40,4,made,20,24,VBD,VB,10,made
40,5,13,24,26,CD,CD,7,13
40,6,recommendations,26,41,NNS,NN,7,recommend
40,7,",",41,42,",",",",8,","
40,8,the,42,45,DT,DT,7,the
40,9,most,45,49,RBS,RB,6,most
40,10,fundamental,49,60,JJ,JJ,6,fundament
40,11,one,60,63,NN,NN,7,on
40,12,being,63,68,VBG,VB,8,be
40,13,that,68,72,IN,IN,7,that
40,14,there,72,77,EX,EX,5,there
40,15,should,77,83,MD,MD,5,should
40,16,be,83,85,VB,VB,4,be
40,17,a,85,86,DT,DT,2,a
40,18,change,86,92,NN,NN,2,chang
40,19,to,92,94,TO,TO,2,to
40,20,Article,94,101,NNP,NN,1,Articl
40,21,40.3.3,101,107,CD,CD,1,40.3.3
40,22,°,107,108,NNS,NN,1,°
40,23,.,108,109,.,.,11,.
41,0,The,0,3,DT,DT,2,The
41,1,assembly,3,11,NN,NN,2,assembl
41,2,outlined,11,19,VBD,VB,2,outlin
41,3,three,19,24,CD,CD,1,three
41,4,options,24,31,NNS,NN,1,option
41,5,.,31,32,.,.,3,.
42,0,The,0,3,DT,DT,24,The
42,1,committee,3,12,NN,NN,24,committe
42,2,'s,12,14,POS,POS,24,'s
42,3,majority,14,22,NN,NN,25,major
42,4,recommendation,22,36,NN,NN,25,recommend
42,5,was,36,39,VBD,VB,25,wa
42,6,for,39,42,IN,IN,24,for
42,7,a,42,43,DT,DT,22,a
42,8,repeal,43,49,NN,NN,22,repeal
42,9,simpliciter,49,60,NN,NN,22,simplicit
42,10,",",60,61,",",",",23,","
42,11,that,61,65,WDT,WDT,21,that
42,12,is,65,67,VBZ,VB,20,is
42,13,",",67,68,",",",",20,","
42,14,the,68,71,DT,DT,17,the
42,15,article,71,78,NN,NN,17,articl
42,16,should,78,84,MD,MD,17,should
42,17,just,84,88,RB,RB,16,just
42,18,be,88,90,VB,VB,16,be
42,19,removed,90,97,VBN,VB,15,remov
42,20,from,97,101,IN,IN,13,from
42,21,the,101,104,DT,DT,12,the
42,22,Constitution,104,116,NNP,NN,12,Constitut
42,23,",",116,117,",",",",14,","
42,24,and,117,120,CC,CC,14,and
42,25,for,120,123,IN,IN,13,for
42,26,the,123,126,DT,DT,11,the
42,27,Houses,126,132,NNPS,NN,11,Hous
42,28,of,132,134,IN,IN,11,of
42,29,the,134,137,DT,DT,10,the
42,30,Oireachtas,137,147,NNPS,NN,10,Oireachta
42,31,to,147,149,TO,TO,13,to
42,32,be,149,151,VB,VB,12,be
42,33,allowed,151,158,VBN,VB,11,allow
42,34,to,158,160,TO,TO,9,to
42,35,legislate,160,169,VB,VB,8,legisl
42,36,for,169,172,IN,IN,7,for
42,37,what,172,176,WP,WP,5,what
42,38,was,176,179,VBD,VB,4,wa
42,39,primarily,179,188,RB,RB,3,primarili
42,40,a,188,189,DT,DT,2,a
42,41,health,189,195,NN,NN,2,health
42,42,care,195,199,NN,NN,2,care
42,43,issue,199,204,NN,NN,2,issu
42,44,for,204,207,IN,IN,2,for
42,45,women,207,212,NNS,NN,1,women
42,46,.,212,213,.,.,26,.
43,0,There,0,5,EX,EX,6,There
43,1,were,5,9,VBD,VB,6,were
43,2,varying,9,16,VBG,VB,4,vari
43,3,views,16,21,NNS,NN,4,view
43,4,on,21,23,IN,IN,4,on
43,5,that,23,27,DT,DT,2,that
43,6,in,27,29,IN,IN,2,in
43,7,the,29,32,DT,DT,1,the
43,8,legal,32,37,JJ,JJ,1,legal
43,9,advice,37,43,NN,NN,1,advic
43,10,that,43,47,IN,IN,5,that
43,11,the,47,50,DT,DT,3,the
43,12,committee,50,59,NN,NN,3,committe
43,13,sought,59,65,VBD,VB,2,sought
43,14,and,65,68,CC,CC,3,and
43,15,was,68,71,VBD,VB,2,wa
43,16,given,71,76,VBN,VB,1,given
43,17,.,76,77,.,.,7,.
44,0,I,0,1,PRP,WP,9,I
44,1,am,1,3,VBP,VB,9,am
44,2,sure,3,7,JJ,JJ,8,sure
44,3,that,7,11,IN,IN,7,that
44,4,different,11,20,JJ,JJ,5,differ
44,5,advice,20,26,NN,NN,5,advic
44,6,may,26,29,MD,MD,5,mai
44,7,even,29,33,RB,RB,4,even
44,8,be,33,35,VB,VB,4,be
44,9,given,35,40,VBN,VB,3,given
44,10,to,40,42,TO,TO,2,to
44,11,the,42,45,DT,DT,1,the
44,12,Government,45,55,NN,NN,1,Govern
44,13,by,55,57,IN,IN,2,by
44,14,the,57,60,DT,DT,1,the
44,15,Attorney,60,68,NNP,NN,1,Attornei
44,16,General,68,75,NNP,NN,1,Gener
44,17,.,75,76,.,.,10,.
45,0,What,0,4,WP,WP,16,What
45,1,I,4,5,PRP,WP,15,I
45,2,do,5,7,VBP,VB,15,do
45,3,know,7,11,VB,VB,14,know
45,4,",",11,12,",",",",18,","
45,5,however,12,19,RB,RB,17,howev
45,6,",",19,20,",",",",18,","
45,7,is,20,22,VBZ,VB,17,is
45,8,that,22,26,IN,IN,16,that
45,9,if,26,28,IN,IN,14,if
45,10,we,28,30,PRP,WP,12,we
45,11,continue,30,38,VBP,VB,12,continu
45,12,allowing,38,46,VBG,VB,10,allow
45,13,Article,46,53,NNP,NN,8,Articl
45,14,40.3.3,53,59,CD,CD,8,40.3.3
45,15,°,59,60,NNP,NN,8,°
45,16,to,60,62,TO,TO,8,to
45,17,be,62,64,VB,VB,7,be
45,18,the,64,67,DT,DT,5,the
45,19,bulwark,67,74,NN,NN,5,bulwark
45,20,for,74,77,IN,IN,5,for
45,21,dealing,77,84,VBG,VB,3,deal
45,22,with,84,88,IN,IN,2,with
45,23,this,88,92,DT,DT,1,thi
45,24,issue,92,97,NN,NN,1,issu
45,25,",",97,98,",",",",15,","
45,26,the,98,101,DT,DT,14,the
45,27,status,101,107,NN,NN,14,statu
45,28,quowill,107,114,NN,NN,14,quowil
45,29,prevail,114,121,VBP,VB,14,prevail
45,30,.,121,122,.,.,18,.
46,0,Every,0,5,DT,DT,6,Everi
46,1,night,5,10,NN,NN,6,night
46,2,",",10,11,",",",",7,","
46,3,four,11,15,CD,CD,5,four
46,4,or,15,17,CC,CC,6,or
46,5,five,17,21,CD,CD,5,five
46,6,women,21,26,NNS,NN,5,women
46,7,will,26,30,MD,MD,6,will
46,8,self-administer,30,45,VB,VB,5,self-administ
46,9,abortion,45,53,NN,NN,4,abort
46,10,pills,53,58,NNS,NN,4,pill
46,11,at,58,60,IN,IN,4,at
46,12,home,60,64,NN,NN,3,home
46,13,and,64,67,CC,CC,8,and
46,14,ten,67,70,CD,CD,6,ten
46,15,women,70,75,NNS,NN,6,women
46,16,will,75,79,MD,MD,6,will
46,17,get,79,82,VB,VB,5,get
46,18,on,82,84,IN,IN,4,on
46,19,planes,84,90,NNS,NN,2,plane
46,20,every,90,95,DT,DT,2,everi
46,21,day,95,98,NN,NN,2,dai
46,22,to,98,100,TO,TO,3,to
46,23,fly,100,103,VB,VB,2,fly
46,24,abroad,103,109,RB,RB,1,abroad
46,25,.,109,110,.,.,8,.
47,0,We,0,2,PRP,WP,12,We
47,1,as,2,4,IN,IN,12,as
47,2,a,4,5,DT,DT,11,a
47,3,Parliament,5,15,NNP,NN,11,Parliament
47,4,will,15,19,MD,MD,12,will
47,5,have,19,23,VB,VB,11,have
47,6,to,23,25,TO,TO,9,to
47,7,live,25,29,VB,VB,8,live
47,8,with,29,33,IN,IN,7,with
47,9,that,33,37,DT,DT,6,that
47,10,if,37,39,IN,IN,7,if
47,11,we,39,41,PRP,WP,5,we
47,12,fail,41,45,VBP,VB,5,fail
47,13,to,45,47,TO,TO,3,to
47,14,grasp,47,52,VB,VB,2,grasp
47,15,this,52,56,DT,DT,1,thi
47,16,issue,56,61,NN,NN,1,issu
47,17,.,61,62,.,.,13,.
48,0,We,0,2,PRP,WP,20,We
48,1,must,2,6,MD,MD,20,must
48,2,show,6,10,VB,VB,19,show
48,3,political,10,19,JJ,JJ,18,polit
48,4,leadership,19,29,NN,NN,18,leadership
48,5,by,29,31,IN,IN,18,by
48,6,having,31,37,VBG,VB,15,have
48,7,a,37,38,DT,DT,13,a
48,8,debate,38,44,NN,NN,13,debat
48,9,that,44,48,WDT,WDT,12,that
48,10,is,48,50,VBZ,VB,11,is
48,11,respectful,50,60,JJ,JJ,10,respect
48,12,of,60,62,IN,IN,9,of
48,13,every,62,67,DT,DT,7,everi
48,14,view,67,71,NN,NN,7,view
48,15,that,71,75,WDT,WDT,6,that
48,16,will,75,79,MD,MD,5,will
48,17,be,79,81,VB,VB,4,be
48,18,expressed,81,90,VBN,VB,3,express
48,19,in,90,92,IN,IN,2,in
48,20,this,92,96,DT,DT,1,thi
48,21,Chamber,96,103,NNP,NN,1,Chamber
48,22,and,103,106,CC,CC,16,and
48,23,then,106,110,RB,RB,15,then
48,24,allowing,110,118,VBG,VB,15,allow
48,25,the,118,121,DT,DT,14,the
48,26,people,121,127,NNS,NN,14,peopl
48,27,to,127,129,TO,TO,13,to
48,28,make,129,133,VB,VB,12,make
48,29,their,133,138,PRP$,WP,11,their
48,30,decision,138,146,NN,NN,11,decis
48,31,based,146,151,VBN,VB,11,base
48,32,on,151,153,IN,IN,10,on
48,33,the,153,156,DT,DT,9,the
48,34,full,156,160,JJ,JJ,9,full
48,35,information,160,171,NN,NN,9,inform
48,36,.,171,172,.,.,21,.
49,0,I,0,1,PRP,WP,12,I
49,1,urge,1,5,VBP,VB,12,urg
49,2,everyone,5,13,NN,NN,10,everyon
49,3,involved,13,21,VBN,VB,10,involv
49,4,not,21,24,RB,RB,9,not
49,5,only,24,28,RB,RB,6,onli
49,6,to,28,30,TO,TO,7,to
49,7,respect,30,37,VB,VB,6,respect
49,8,one,37,40,CD,CD,4,on
49,9,another,40,47,DT,DT,2,anoth
49,10,'s,47,49,VBZ,VB,2,'s
49,11,views,49,54,NNS,NN,1,view
49,12,",",54,55,",",",",8,","
49,13,but,55,58,CC,CC,8,but
49,14,to,58,60,TO,TO,7,to
49,15,engage,60,66,VB,VB,6,engag
49,16,in,66,68,IN,IN,5,in
49,17,the,68,71,DT,DT,4,the
49,18,debate,71,77,NN,NN,4,debat
49,19,so,77,79,RB,RB,9,so
49,20,that,79,83,IN,IN,9,that
49,21,the,83,86,DT,DT,7,the
49,22,question,86,94,NN,NN,7,question
49,23,can,94,97,MD,MD,7,can
49,24,be,97,99,VB,VB,6,be
49,25,decided,99,106,VBN,VB,5,decid
49,26,one,106,109,CD,CD,3,on
49,27,way,109,112,NN,NN,3,wai
49,28,or,112,114,CC,CC,4,or
49,29,the,114,117,DT,DT,3,the
49,30,other,117,122,JJ,JJ,3,other
49,31,.,122,123,.,.,13,.
50,0,I,0,1,PRP,WP,17,I
50,1,have,1,5,VBP,VB,17,have
50,2,expressed,5,14,VBN,VB,16,express
50,3,my,14,16,PRP$,WP,15,my
50,4,view,16,20,NN,NN,15,view
50,5,that,20,24,IN,IN,15,that
50,6,there,24,29,EX,EX,13,there
50,7,must,29,33,MD,MD,13,must
50,8,be,33,35,VB,VB,12,be
50,9,a,35,36,DT,DT,10,a
50,10,repeal,36,42,NN,NN,10,repeal
50,11,simpliciteror,42,55,VBP,VB,8,simpliciteror
50,12,a,55,56,DT,DT,6,a
50,13,variation,56,65,NN,NN,6,variat
50,14,of,65,67,IN,IN,6,of
50,15,same,67,71,JJ,JJ,4,same
50,16,that,71,75,WDT,WDT,3,that
50,17,removes,75,82,VBZ,VB,2,remov
50,18,Article,82,89,NNP,NN,1,Articl
50,19,40.3.3,89,95,CD,CD,1,40.3.3
50,20,°,95,96,NNS,NN,1,°
51,0,from,0,4,IN,IN,2,from
51,1,the,4,7,DT,DT,1,the
51,2,Constitution,7,19,NNP,NN,1,Constitut
51,3,.,19,20,.,.,3,.
52,0,I,0,1,PRP,WP,11,I
52,1,am,1,3,VBP,VB,11,am
52,2,open,3,7,JJ,JJ,10,open
52,3,to,7,9,TO,TO,9,to
52,4,a,9,10,DT,DT,7,a
52,5,new,10,13,JJ,JJ,7,new
52,6,constitutional,13,27,JJ,JJ,7,constitut
52,7,article,27,34,NN,NN,7,articl
52,8,giving,34,40,VBG,VB,7,give
52,9,the,40,43,DT,DT,6,the
52,10,Oireachtas,43,53,NNPS,NN,6,Oireachta
52,11,the,53,56,DT,DT,6,the
52,12,supreme,56,63,JJ,JJ,6,suprem
52,13,authority,63,72,NN,NN,6,author
52,14,to,72,74,TO,TO,4,to
52,15,legislate,74,83,VB,VB,3,legisl
52,16,on,83,85,IN,IN,2,on
52,17,this,85,89,DT,DT,1,thi
52,18,issue,89,94,NN,NN,1,issu
52,19,.,94,95,.,.,12,.
53,0,I,0,1,PRP,WP,7,I
53,1,would,1,6,MD,MD,7,would
53,2,take,6,10,VB,VB,6,take
53,3,on,10,12,IN,IN,5,on
53,4,board,12,17,NN,NN,2,board
53,5,the,17,20,DT,DT,1,the
53,6,Attorney,20,28,NNP,NN,1,Attornei
53,7,General,28,35,NNP,NN,1,Gener
53,8,'s,35,37,POS,POS,1,'s
53,9,opinion,37,44,NN,NN,2,opinion
53,10,and,44,47,CC,CC,4,and
53,11,that,47,51,DT,DT,2,that
53,12,of,51,53,IN,IN,2,of
53,13,others,53,59,NNS,NN,1,other
53,14,.,59,60,.,.,8,.
54,0,However,0,7,RB,RB,5,Howev
54,1,",",7,8,",",",",6,","
54,2,we,8,10,PRP,WP,5,we
54,3,must,10,14,MD,MD,5,must
54,4,be,14,16,VB,VB,4,be
54,5,honest,16,22,JJ,JJ,3,honest
54,6,with,22,26,IN,IN,2,with
54,7,people,26,32,NNS,NN,1,peopl
54,8,.,32,33,.,.,6,.
55,0,If,0,2,IN,IN,4,If
55,1,Article,2,9,NNP,NN,2,Articl
55,2,40.3.3,9,15,CD,CD,2,40.3.3
55,3,°,15,16,NNP,NN,2,°
55,4,is,16,18,VBZ,VB,2,is
55,5,replaced,18,26,VBN,VB,1,replac
55,6,or,26,28,CC,CC,1,or
55,7,repealed,28,36,VBN,VB,1,repeal
55,8,",",36,37,",",",",5,","
55,9,the,37,40,DT,DT,4,the
55,10,Legislature,40,51,NNP,NN,4,Legislatur
55,11,will,51,55,MD,MD,4,will
55,12,govern,55,61,VB,VB,3,govern
55,13,from,61,65,IN,IN,2,from
55,14,then,65,69,RB,RB,1,then
55,15,on,69,71,IN,IN,2,on
55,16,",",71,72,",",",",6,","
55,17,but,72,75,CC,CC,6,but
55,18,we,75,77,PRP,WP,4,we
55,19,can,77,80,MD,MD,4,can
55,20,not,80,83,RB,RB,4,not
55,21,guarantee,83,92,VB,VB,3,guarante
55,22,anything,92,100,NN,NN,2,anyth
55,23,.,100,101,.,.,6,.
56,0,We,0,2,PRP,WP,16,We
56,1,could,2,7,MD,MD,16,could
56,2,publish,7,14,VB,VB,15,publish
56,3,legislation,14,25,NN,NN,14,legisl
56,4,in,25,27,IN,IN,14,in
56,5,advance,27,34,NN,NN,12,advanc
56,6,of,34,36,IN,IN,12,of
56,7,this,36,40,DT,DT,10,thi
56,8,referendum,40,50,NN,NN,10,referendum
56,9,campaign,50,58,NN,NN,10,campaign
56,10,that,58,62,WDT,WDT,9,that
56,11,would,62,67,MD,MD,8,would
56,12,give,67,71,VB,VB,7,give
56,13,people,71,77,NNS,NN,6,peopl
56,14,guidance,77,85,NN,NN,5,guidanc
56,15,as,85,87,IN,IN,5,as
56,16,to,87,89,TO,TO,5,to
56,17,what,89,93,WP,WP,3,what
56,18,the,93,96,DT,DT,2,the
56,19,likely,96,102,JJ,JJ,2,like
56,20,outcome,102,109,NN,NN,2,outcom
56,21,would,109,114,MD,MD,2,would
56,22,be,114,116,VB,VB,1,be
56,23,",",116,117,",",",",18,","
56,24,but,117,120,CC,CC,18,but
56,25,if,120,122,IN,IN,14,if
56,26,the,122,125,DT,DT,12,the
56,27,Oireachtas,125,135,NNPS,NN,12,Oireachta
56,28,is,135,137,VBZ,VB,12,is
56,29,to,137,139,TO,TO,10,to
56,30,legislate,139,148,VB,VB,9,legisl
56,31,in,148,150,IN,IN,8,in
56,32,the,150,153,DT,DT,6,the
56,33,event,153,158,NN,NN,6,event
56,34,of,158,160,IN,IN,6,of
56,35,a,160,161,DT,DT,5,a
56,36,repeal,161,167,NN,NN,5,repeal
56,37,",",167,168,",",",",15,","
56,38,then,168,172,RB,RB,14,then
56,39,it,172,174,PRP,WP,14,it
56,40,will,174,178,MD,MD,14,will
56,41,be,178,180,VB,VB,13,be
56,42,the,180,183,DT,DT,11,the
56,43,Oireachtas,183,193,NNPS,NN,11,Oireachta
56,44,that,193,197,WDT,WDT,10,that
56,45,will,197,201,MD,MD,9,will
56,46,decide,201,207,VB,VB,8,decid
56,47,",",207,208,",",",",16,","
56,48,not,208,211,RB,RB,16,not
56,49,necessarily,211,222,RB,RB,14,necessarili
56,50,this,222,226,DT,DT,13,thi
56,51,one,226,229,NN,NN,13,on
56,52,either,229,235,RB,RB,13,either
56,53,",",235,236,",",",",17,","
56,54,but,236,239,CC,CC,17,but
56,55,possibly,239,247,RB,RB,15,possibl
56,56,a,247,248,DT,DT,15,a
56,57,changed,248,255,VBD,VB,15,chang
56,58,Oireachtas,255,265,NNP,NN,13,Oireachta
56,59,following,265,274,VBG,VB,13,follow
56,60,a,274,275,DT,DT,12,a
56,61,general,275,282,JJ,JJ,12,gener
56,62,election,282,290,NN,NN,12,elect
56,63,.,290,291,.,.,18,.
57,0,All,0,3,DT,DT,16,All
57,1,we,3,5,PRP,WP,14,we
57,2,can,5,8,MD,MD,14,can
57,3,do,8,10,VB,VB,13,do
57,4,is,10,12,VBZ,VB,17,is
57,5,be,12,14,VB,VB,16,be
57,6,honest,14,20,JJ,JJ,15,honest
57,7,with,20,24,IN,IN,14,with
57,8,people,24,30,NNS,NN,12,peopl
57,9,about,30,35,IN,IN,12,about
57,10,what,35,39,WP,WP,10,what
57,11,we,39,41,PRP,WP,9,we
57,12,believe,41,48,VBP,VB,9,believ
57,13,the,48,51,DT,DT,5,the
57,14,Oireachtas,51,61,NNPS,NN,5,Oireachta
57,15,in,61,63,IN,IN,5,in
57,16,its,63,66,PRP$,WP,4,it
57,17,current,66,73,JJ,JJ,4,current
57,18,composition,73,84,NN,NN,4,composit
57,19,would,84,89,MD,MD,6,would
57,20,pass,89,93,VB,VB,5,pass
57,21,in,93,95,IN,IN,4,in
57,22,the,95,98,DT,DT,2,the
57,23,event,98,103,NN,NN,2,event
57,24,of,103,105,IN,IN,2,of
57,25,a,105,106,DT,DT,1,a
57,26,repeal,106,112,NN,NN,1,repeal
57,27,.,112,113,.,.,18,.
58,0,I,0,1,PRP,WP,10,I
58,1,urge,1,5,VBP,VB,10,urg
58,2,people,5,11,NNS,NN,8,peopl
58,3,to,11,13,TO,TO,8,to
58,4,examine,13,20,VB,VB,6,examin
58,5,the,20,23,DT,DT,4,the
58,6,committee,23,32,NN,NN,4,committe
58,7,'s,32,34,POS,POS,4,'s
58,8,recommendations,34,49,NNS,NN,5,recommend
58,9,and,49,52,CC,CC,7,and
58,10,consider,52,60,VB,VB,6,consid
58,11,why,60,63,WRB,RB,4,why
58,12,we,63,65,PRP,WP,3,we
58,13,came,65,69,VBD,VB,3,came
58,14,to,69,71,TO,TO,2,to
58,15,those,71,76,DT,DT,1,those
58,16,determinations,76,90,NNS,NN,1,determin
58,17,.,90,91,.,.,11,.
59,0,They,0,4,PRP,WP,7,Thei
59,1,are,4,7,VBP,VB,7,ar
59,2,more,7,11,RBR,RB,6,more
59,3,conservative,11,23,JJ,JJ,6,conserv
59,4,than,23,27,IN,IN,5,than
59,5,the,27,30,DT,DT,3,the
59,6,recommendations,30,45,NNS,NN,3,recommend
59,7,of,45,47,IN,IN,3,of
59,8,the,47,50,DT,DT,1,the
59,9,Citizens,50,58,NNPS,NN,1,Citizen
59,10,',58,59,POS,POS,1,'
59,11,Assembly,59,67,NN,NN,2,Assembl
59,12,.,67,68,.,.,8,.
60,0,For,0,3,IN,IN,9,For
60,1,example,3,10,NN,NN,8,exampl
60,2,",",10,11,",",",",10,","
60,3,the,11,14,DT,DT,9,the
60,4,assembly,14,22,NN,NN,9,assembl
60,5,referred,22,30,VBD,VB,9,refer
60,6,to,30,32,TO,TO,8,to
60,7,a,32,33,DT,DT,7,a
60,8,22,33,35,CD,CD,7,22
60,9,week,35,39,NN,NN,7,week
60,10,gestational,39,50,JJ,JJ,8,gestat
60,11,period,50,56,NN,NN,8,period
60,12,whereas,56,63,IN,IN,8,wherea
60,13,we,63,65,PRP,WP,6,we
60,14,are,65,68,VBP,VB,6,ar
60,15,calling,68,75,VBG,VB,5,call
60,16,for,75,78,IN,IN,4,for
60,17,a,78,79,DT,DT,3,a
60,18,12,79,81,CD,CD,3,12
60,19,week,81,85,NN,NN,3,week
60,20,period,85,91,NN,NN,3,period
60,21,in,91,93,IN,IN,4,in
60,22,the,93,96,DT,DT,2,the
60,23,majority,96,104,NN,NN,2,major
60,24,of,104,106,IN,IN,2,of
60,25,cases,106,111,NNS,NN,1,case
60,26,.,111,112,.,.,10,.
61,0,It,0,2,PRP,WP,8,It
61,1,would,2,7,MD,MD,8,would
61,2,be,7,9,VB,VB,7,be
61,3,a,9,10,DT,DT,4,a
61,4,matter,10,16,NN,NN,4,matter
61,5,for,16,19,IN,IN,4,for
61,6,the,19,22,DT,DT,3,the
61,7,clinicians,22,32,NNS,NN,3,clinician
61,8,and,32,35,CC,CC,6,and
61,9,the,35,38,DT,DT,4,the
61,10,woman,38,43,NN,NN,4,woman
61,11,with,43,47,IN,IN,4,with
61,12,a,47,48,DT,DT,2,a
61,13,view,48,52,NN,NN,2,view
61,14,to,52,54,TO,TO,2,to
61,15,her,54,57,PRP$,WP,1,her
61,16,health,57,63,NN,NN,1,health
61,17,and,63,66,CC,CC,1,and
61,18,life,66,70,NN,NN,1,life
61,19,.,70,71,.,.,9,.
62,0,Many,0,4,JJ,JJ,9,Mani
62,1,people,4,10,NNS,NN,9,peopl
62,2,have,10,14,VBP,VB,9,have
62,3,stated,14,20,VBN,VB,8,state
62,4,their,20,25,PRP$,WP,7,their
62,5,desire,25,31,NN,NN,7,desir
62,6,to,31,33,TO,TO,5,to
62,7,address,33,40,VB,VB,4,address
62,8,the,40,43,DT,DT,2,the
62,9,issue,43,48,NN,NN,2,issu
62,10,of,48,50,IN,IN,2,of
62,11,fatal,50,55,JJ,JJ,1,fatal
62,12,foetal,55,61,JJ,JJ,1,foetal
62,13,abnormalities,61,74,NNS,NN,1,abnorm
62,14,.,74,75,.,.,10,.
63,0,I,0,1,PRP,WP,8,I
63,1,have,1,5,VBP,VB,8,have
63,2,a,5,6,DT,DT,6,a
63,3,friend,6,12,NN,NN,6,friend
63,4,whose,12,17,WP$,WP,5,whose
63,5,wife,17,21,NNS,NN,5,wife
63,6,received,21,29,VBD,VB,4,receiv
63,7,a,29,30,DT,DT,2,a
63,8,diagnosis,30,39,NN,NN,2,diagnosi
63,9,of,39,41,IN,IN,2,of
63,10,a,41,42,DT,DT,1,a
63,11,fatal,42,47,JJ,JJ,1,fatal
63,12,foetal,47,53,JJ,JJ,1,foetal
63,13,abnormality,53,64,NN,NN,1,abnorm
63,14,.,64,65,.,.,9,.
64,0,They,0,4,PRP,WP,5,Thei
64,1,wanted,4,10,VBD,VB,5,want
64,2,to,10,12,TO,TO,3,to
64,3,have,12,16,VB,VB,2,have
64,4,this,16,20,DT,DT,1,thi
64,5,child,20,25,NN,NN,1,child
64,6,.,25,26,.,.,6,.
65,0,They,0,4,PRP,WP,11,Thei
65,1,kicked,4,10,VBD,VB,11,kick
65,2,the,10,13,DT,DT,8,the
65,3,sand,13,17,NN,NN,8,sand
65,4,up,17,19,RB,RB,7,up
65,5,and,19,22,CC,CC,7,and
65,6,down,22,26,RB,RB,7,down
65,7,Garryvoe,26,34,VBP,VB,8,Garryvo
65,8,beach,34,39,NN,NN,6,beach
65,9,for,39,42,IN,IN,6,for
65,10,weeks,42,47,NNS,NN,4,week
65,11,on,47,49,IN,IN,4,on
65,12,end,49,52,NN,NN,2,end
65,13,because,52,59,RB,RB,2,becaus
65,14,of,59,61,IN,IN,2,of
65,15,that,61,65,DT,DT,1,that
65,16,diagnosis,65,74,NN,NN,1,diagnosi
65,17,wondering,74,83,VBG,VB,6,wonder
65,18,what,83,87,WP,WP,4,what
65,19,they,87,91,PRP,WP,3,thei
65,20,would,91,96,MD,MD,3,would
65,21,do,96,98,VB,VB,2,do
65,22,.,98,99,.,.,12,.
66,0,Would,0,5,MD,MD,7,Would
66,1,she,5,8,PRP,WP,6,she
66,2,continue,8,16,VB,VB,6,continu
66,3,with,16,20,IN,IN,4,with
66,4,the,20,23,DT,DT,3,the
66,5,pregnancy,23,32,NN,NN,3,pregnanc
66,6,or,32,34,CC,CC,5,or
66,7,would,34,39,MD,MD,3,would
66,8,she,39,42,PRP,WP,2,she
66,9,have,42,46,VB,VB,2,have
66,10,it,46,48,PRP,WP,1,it
66,11,terminated,48,58,VB,VB,3,termin
66,12,?,58,59,.,.,7,?
67,0,They,0,4,PRP,WP,3,Thei
67,1,spent,4,9,VBD,VB,3,spent
67,2,weeks,9,14,NNS,NN,1,week
67,3,deciding,14,22,VBG,VB,1,decid
67,4,.,22,23,.,.,4,.
68,0,If,0,2,IN,IN,16,If
68,1,they,2,6,PRP,WP,14,thei
68,2,decided,6,13,VBD,VB,14,decid
68,3,to,13,15,TO,TO,12,to
68,4,terminate,15,24,VB,VB,11,termin
68,5,the,24,27,DT,DT,9,the
68,6,pregnancy,27,36,NN,NN,9,pregnanc
68,7,",",36,37,",",",",10,","
68,8,given,37,42,VBN,VB,9,given
68,9,that,42,46,IN,IN,8,that
68,10,there,46,51,EX,EX,6,there
68,11,could,51,56,MD,MD,6,could
68,12,have,56,60,VB,VB,5,have
68,13,been,60,64,VBN,VB,4,been
68,14,no,64,66,DT,DT,2,no
68,15,survival,66,74,NN,NN,2,surviv
68,16,outside,74,81,NN,NN,2,outsid
68,17,of,81,83,IN,IN,2,of
68,18,the,83,86,DT,DT,1,the
68,19,womb,86,90,NN,NN,1,womb
68,20,",",90,91,",",",",17,","
68,21,the,91,94,DT,DT,16,the
68,22,only,94,98,JJ,JJ,16,onli
68,23,difficulty,98,108,NN,NN,16,difficulti
68,24,would,108,113,MD,MD,16,would
68,25,have,113,117,VB,VB,15,have
68,26,been,117,121,VBN,VB,14,been
68,27,that,121,125,IN,IN,13,that
68,28,they,125,129,PRP,WP,11,thei
68,29,would,129,134,MD,MD,11,would
68,30,have,134,138,VB,VB,10,have
68,31,had,138,141,VBN,VB,9,had
68,32,to,141,143,TO,TO,7,to
68,33,go,143,145,VB,VB,6,go
68,34,abroad,145,151,RB,RB,5,abroad
68,35,.,151,152,.,.,17,.
69,0,They,0,4,PRP,WP,6,Thei
69,1,made,4,8,VBD,VB,6,made
69,2,the,8,11,DT,DT,5,the
69,3,decision,11,19,NN,NN,5,decis
69,4,to,19,21,TO,TO,3,to
69,5,go,21,23,VB,VB,2,go
69,6,abroad,23,29,RB,RB,1,abroad
69,7,.,29,30,.,.,7,.
70,0,It,0,2,PRP,WP,8,It
70,1,was,2,5,VBD,VB,8,wa
70,2,inhumane,5,13,JJ,JJ,7,inhuman
70,3,that,13,17,IN,IN,7,that
70,4,our,17,20,PRP$,WP,5,our
70,5,country,20,27,NN,NN,5,countri
70,6,could,27,32,MD,MD,5,could
70,7,force,32,37,VB,VB,4,forc
70,8,this,37,41,DT,DT,2,thi
70,9,on,41,43,IN,IN,2,on
70,10,our,43,46,PRP$,WP,1,our
70,11,citizens,46,54,NNS,NN,1,citizen
70,12,.,54,55,.,.,9,.
71,0,They,0,4,PRP,WP,17,Thei
71,1,decided,4,11,VBD,VB,17,decid
71,2,to,11,13,TO,TO,15,to
71,3,terminate,13,22,VB,VB,14,termin
71,4,the,22,25,DT,DT,13,the
71,5,pregnancy,25,34,NN,NN,13,pregnanc
71,6,because,34,41,IN,IN,13,becaus
71,7,they,41,45,PRP,WP,11,thei
71,8,felt,45,49,VBD,VB,11,felt
71,9,that,49,53,IN,IN,10,that
71,10,they,53,57,PRP,WP,8,thei
71,11,could,57,62,MD,MD,8,could
71,12,not,62,65,RB,RB,8,not
71,13,go,65,67,VB,VB,7,go
71,14,through,67,74,RP,RP,6,through
71,15,with,74,78,IN,IN,6,with
71,16,it,78,80,PRP,WP,5,it
71,17,in,80,82,IN,IN,6,in
71,18,light,82,87,NN,NN,4,light
71,19,of,87,89,IN,IN,4,of
71,20,the,89,92,DT,DT,2,the
71,21,prognosis,92,101,NN,NN,2,prognosi
71,22,of,101,103,IN,IN,2,of
71,23,certain,103,110,JJ,JJ,1,certain
71,24,death,110,115,NN,NN,1,death
71,25,ex,115,117,NN,NN,1,ex
71,26,utero,117,122,NN,NN,1,utero
71,27,",",122,123,",",",",19,","
71,28,so,123,125,IN,IN,19,so
71,29,the,125,128,DT,DT,16,the
71,30,idea,128,132,NN,NN,16,idea
71,31,that,132,136,IN,IN,16,that
71,32,we,136,138,PRP,WP,14,we
71,33,would,138,143,MD,MD,14,would
71,34,ask,143,146,VB,VB,13,ask
71,35,people,146,152,NNS,NN,12,peopl
71,36,like,152,156,IN,IN,12,like
71,37,them,156,160,PRP,WP,10,them
71,38,to,160,162,TO,TO,10,to
71,39,FedEx,162,167,VB,VB,9,FedEx
71,40,their,167,172,PRP$,WP,8,their
71,41,little,172,178,JJ,JJ,8,littl
71,42,baby,178,182,NN,NN,8,babi
71,43,back,182,186,RB,RB,8,back
71,44,home,186,190,NN,NN,8,home
71,45,to,190,192,TO,TO,8,to
71,46,Ireland,192,199,NNP,NN,7,Ireland
71,47,is,199,201,VBZ,VB,17,is
71,48,inhumane,201,209,JJ,JJ,16,inhuman
71,49,.,209,210,.,.,19,.
72,0,For,0,3,IN,IN,4,For
72,1,that,3,7,DT,DT,3,that
72,2,reason,7,13,NN,NN,3,reason
72,3,",",13,14,",",",",5,","
72,4,the,14,17,DT,DT,3,the
72,5,recommendations,17,32,NNS,NN,3,recommend
72,6,in,32,34,IN,IN,3,in
72,7,the,34,37,DT,DT,2,the
72,8,report,37,43,NN,NN,2,report
72,9,are,43,46,VBP,VB,4,ar
72,10,critical,46,54,JJ,JJ,3,critic
72,11,to,54,56,TO,TO,2,to
72,12,this,56,60,DT,DT,1,thi
72,13,debate,60,66,NN,NN,1,debat
72,14,.,66,67,.,.,5,.
73,0,The,0,3,DT,DT,6,The
73,1,issue,3,8,NN,NN,6,issu
73,2,of,8,10,IN,IN,6,of
73,3,rape,10,14,NN,NN,5,rape
73,4,and,14,17,CC,CC,5,and
73,5,incest,17,23,NN,NN,5,incest
73,6,is,23,25,VBZ,VB,7,is
73,7,one,25,28,CD,CD,5,on
73,8,about,28,33,IN,IN,4,about
73,9,which,33,38,WDT,WDT,3,which
73,10,a,38,39,DT,DT,2,a
73,11,lot,39,42,NN,NN,2,lot
73,12,of,42,44,IN,IN,2,of
73,13,people,44,50,NNS,NN,1,peopl
73,14,speak,50,55,VBP,VB,3,speak
73,15,.,55,56,.,.,8,.
74,0,Even,0,4,RB,RB,7,Even
74,1,people,4,10,NNS,NN,4,peopl
74,2,with,10,14,IN,IN,4,with
74,3,quite,14,19,RB,RB,1,quit
74,4,conservative,19,31,JJ,JJ,1,conserv
74,5,views,31,36,NNS,NN,2,view
74,6,in,36,38,IN,IN,2,in
74,7,this,38,42,DT,DT,1,thi
74,8,area,42,46,NN,NN,1,area
74,9,will,46,50,MD,MD,5,will
74,10,say,50,53,VB,VB,4,sai
74,11,the,53,56,DT,DT,2,the
74,12,issue,56,61,NN,NN,2,issu
74,13,of,61,63,IN,IN,2,of
74,14,incest,63,69,NN,NN,1,incest
74,15,and,69,72,CC,CC,1,and
74,16,rape,72,76,NN,NN,1,rape
74,17,should,76,82,MD,MD,7,should
74,18,be,82,84,VB,VB,6,be
74,19,addressed,84,93,VBN,VB,5,address
74,20,.,93,94,.,.,8,.
75,0,All,0,3,DT,DT,12,All
75,1,of,3,5,IN,IN,12,of
75,2,the,5,8,DT,DT,10,the
75,3,empirical,8,17,JJ,JJ,10,empir
75,4,legal,17,22,JJ,JJ,10,legal
75,5,evidence,22,30,NN,NN,10,evid
75,6,we,30,32,PRP,WP,8,we
75,7,have,32,36,VBP,VB,8,have
75,8,shows,36,41,VBZ,VB,13,show
75,9,that,41,45,IN,IN,12,that
75,10,it,45,47,PRP,WP,10,it
75,11,would,47,52,MD,MD,10,would
75,12,be,52,54,VB,VB,9,be
75,13,impossible,54,64,JJ,JJ,8,imposs
75,14,for,64,67,IN,IN,8,for
75,15,us,67,69,PRP,WP,6,us
75,16,to,69,71,TO,TO,6,to
75,17,legislate,71,80,VB,VB,5,legisl
75,18,on,80,82,IN,IN,4,on
75,19,the,82,85,DT,DT,2,the
75,20,ground,85,91,NN,NN,2,ground
75,21,of,91,93,IN,IN,2,of
75,22,rape,93,97,NN,NN,1,rape
75,23,.,97,98,.,.,14,.
76,0,We,0,2,PRP,WP,7,We
76,1,have,2,6,VBP,VB,7,have
76,2,to,6,8,TO,TO,5,to
76,3,trust,8,13,VB,VB,4,trust
76,4,the,13,16,DT,DT,2,the
76,5,integrity,16,25,NN,NN,2,integr
76,6,and,25,28,CC,CC,2,and
76,7,honesty,28,35,NN,NN,2,honesti
76,8,of,35,37,IN,IN,2,of
76,9,women,37,42,NNS,NN,1,women
76,10,.,42,43,.,.,8,.
77,0,Are,0,3,VB,VB,27,Are
77,1,we,3,5,PRP,WP,25,we
77,2,to,5,7,TO,TO,25,to
77,3,put,7,10,VB,VB,24,put
77,4,people,10,16,NNS,NN,22,peopl
77,5,who,16,19,WP,WP,21,who
77,6,have,19,23,VBP,VB,20,have
77,7,been,23,27,VBN,VB,19,been
77,8,subjected,27,36,VBN,VB,18,subject
77,9,to,36,38,TO,TO,17,to
77,10,a,38,39,DT,DT,16,a
77,11,vile,39,43,JJ,JJ,16,vile
77,12,act,43,46,NN,NN,16,act
77,13,through,46,53,IN,IN,17,through
77,14,another,53,60,DT,DT,16,anoth
77,15,inquisition,60,71,NN,NN,16,inquisit
77,16,to,71,73,TO,TO,14,to
77,17,find,73,77,VB,VB,12,find
77,18,out,77,80,RP,RP,11,out
77,19,and,80,83,CC,CC,13,and
77,20,determine,83,92,VB,VB,12,determin
77,21,whether,92,99,IN,IN,11,whether
77,22,they,99,103,PRP,WP,9,thei
77,23,have,103,107,VBP,VB,9,have
77,24,been,107,111,VBN,VB,8,been
77,25,raped,111,116,VBN,VB,7,rape
77,26,in,116,118,IN,IN,6,in
77,27,advance,118,125,NN,NN,4,advanc
77,28,of,125,127,IN,IN,4,of
77,29,having,127,133,VBG,VB,2,have
77,30,a,133,134,DT,DT,1,a
77,31,termination,134,145,NN,NN,1,termin
77,32,?,145,146,.,.,28,?
78,0,If,0,2,IN,IN,9,If
78,1,we,2,4,PRP,WP,7,we
78,2,are,4,7,VBP,VB,7,ar
78,3,to,7,9,TO,TO,5,to
78,4,have,9,13,VB,VB,4,have
78,5,restrictions,13,25,NNS,NN,2,restrict
78,6,in,25,27,IN,IN,2,in
78,7,this,27,31,DT,DT,1,thi
78,8,area,31,35,NN,NN,1,area
78,9,",",35,36,",",",",10,","
78,10,these,36,41,DT,DT,9,these
78,11,are,41,44,VBP,VB,9,ar
78,12,the,44,47,DT,DT,7,the
78,13,things,47,53,NNS,NN,7,thing
78,14,that,53,57,WDT,WDT,6,that
78,15,will,57,61,MD,MD,5,will
78,16,actually,61,69,RB,RB,4,actual
78,17,have,69,73,VB,VB,4,have
78,18,to,73,75,TO,TO,2,to
78,19,happen,75,81,VB,VB,1,happen
78,20,.,81,82,.,.,10,.
79,0,That,0,4,DT,DT,20,That
79,1,is,4,6,VBZ,VB,20,is
79,2,why,6,9,WRB,RB,18,why
79,3,",",9,10,",",",",18,","
79,4,in,10,12,IN,IN,17,in
79,5,the,12,15,DT,DT,15,the
79,6,context,15,22,NN,NN,15,context
79,7,of,22,24,IN,IN,15,of
79,8,the,24,27,DT,DT,13,the
79,9,recommendations,27,42,NNS,NN,13,recommend
79,10,of,42,44,IN,IN,13,of
79,11,the,44,47,DT,DT,12,the
79,12,committee,47,56,NN,NN,12,committe
79,13,",",56,57,",",",",18,","
79,14,we,57,59,PRP,WP,17,we
79,15,also,59,63,RB,RB,15,also
79,16,looked,63,69,VBD,VB,16,look
79,17,at,69,71,IN,IN,15,at
79,18,the,71,74,DT,DT,14,the
79,19,12-week,74,81,JJ,JJ,14,12-week
79,20,limit,81,86,NN,NN,14,limit
79,21,and,86,89,CC,CC,17,and
79,22,decided,89,96,VBD,VB,16,decid
79,23,that,96,100,IN,IN,15,that
79,24,it,100,102,PRP,WP,13,it
79,25,should,102,108,MD,MD,13,should
79,26,be,108,110,VB,VB,12,be
79,27,a,110,111,DT,DT,10,a
79,28,matter,111,117,NN,NN,10,matter
79,29,for,117,120,IN,IN,10,for
79,30,the,120,123,DT,DT,8,the
79,31,woman,123,128,NN,NN,8,woman
79,32,and,128,131,CC,CC,9,and
79,33,her,131,134,PRP$,WP,8,her
79,34,clinician,134,143,NN,NN,8,clinician
79,35,to,143,145,TO,TO,6,to
79,36,determine,145,154,VB,VB,5,determin
79,37,the,154,157,DT,DT,4,the
79,38,reasons,157,164,NNS,NN,4,reason
79,39,for,164,167,IN,IN,4,for
79,40,a,167,168,DT,DT,2,a
79,41,termination,168,179,NN,NN,2,termin
79,42,within,179,185,IN,IN,2,within
79,43,that,185,189,DT,DT,1,that
79,44,period,189,195,NN,NN,1,period
79,45,.,195,196,.,.,21,.
80,0,That,0,4,DT,DT,21,That
80,1,would,4,9,MD,MD,21,would
80,2,also,9,13,RB,RB,20,also
80,3,address,13,20,VB,VB,20,address
80,4,the,20,23,DT,DT,18,the
80,5,issue,23,28,NN,NN,18,issu
80,6,of,28,30,IN,IN,18,of
80,7,incest,30,36,NN,NN,17,incest
80,8,and,36,39,CC,CC,17,and
80,9,rape,39,43,NN,NN,17,rape
80,10,in,43,45,IN,IN,19,in
80,11,the,45,48,DT,DT,17,the
80,12,vast,48,52,JJ,JJ,17,vast
80,13,majority,52,60,NN,NN,17,major
80,14,of,60,62,IN,IN,17,of
80,15,cases,62,67,NNS,NN,15,case
80,16,in,67,69,IN,IN,14,in
80,17,that,69,73,WDT,WDT,13,that
80,18,we,73,75,PRP,WP,13,we
80,19,would,75,80,MD,MD,13,would
80,20,not,80,83,RB,RB,13,not
80,21,need,83,87,VB,VB,12,need
80,22,to,87,89,TO,TO,10,to
80,23,have,89,93,VB,VB,9,have
80,24,an,93,95,DT,DT,6,an
80,25,inquisition,95,106,NN,NN,6,inquisit
80,26,of,106,108,IN,IN,6,of
80,27,women,108,113,NNS,NN,5,women
80,28,to,113,115,TO,TO,7,to
80,29,establish,115,124,VB,VB,6,establish
80,30,whether,124,131,IN,IN,5,whether
80,31,they,131,135,PRP,WP,3,thei
80,32,were,135,139,VBD,VB,3,were
80,33,telling,139,146,VBG,VB,2,tell
80,34,the,146,149,DT,DT,1,the
80,35,truth,149,154,NN,NN,1,truth
80,36,.,154,155,.,.,22,.
81,0,I,0,1,PRP,WP,18,I
81,1,firmly,1,7,RB,RB,18,firmli
81,2,believe,7,14,VBP,VB,18,believ
81,3,we,14,16,PRP,WP,14,we
81,4,should,16,22,MD,MD,14,should
81,5,trust,22,27,VB,VB,13,trust
81,6,women,27,32,NNS,NN,12,women
81,7,in,32,34,IN,IN,12,in
81,8,this,34,38,DT,DT,11,thi
81,9,context,38,45,NN,NN,11,context
81,10,and,45,48,CC,CC,17,and
81,11,that,48,52,IN,IN,16,that
81,12,we,52,54,PRP,WP,13,we
81,13,have,54,58,VBP,VB,13,have
81,14,a,58,59,DT,DT,12,a
81,15,duty,59,63,NN,NN,12,duti
81,16,to,63,65,TO,TO,10,to
81,17,ensure,65,71,VB,VB,9,ensur
81,18,they,71,75,PRP,WP,7,thei
81,19,have,75,79,VB,VB,7,have
81,20,the,79,82,DT,DT,5,the
81,21,space,82,87,NN,NN,5,space
81,22,",",87,88,",",",",6,","
81,23,with,88,92,IN,IN,5,with
81,24,their,92,97,PRP$,WP,4,their
81,25,clinicians,97,107,NNS,NN,4,clinician
81,26,",",107,108,",",",",6,","
81,27,to,108,110,TO,TO,5,to
81,28,make,110,114,VB,VB,4,make
81,29,the,114,117,DT,DT,2,the
81,30,best,117,121,JJS,JJ,2,best
81,31,decision,121,129,NN,NN,2,decis
81,32,for,129,132,IN,IN,2,for
81,33,themselves,132,142,PRP,WP,1,themselv
81,34,and,142,145,CC,CC,15,and
81,35,the,145,148,DT,DT,13,the
81,36,lives,148,153,NNS,NN,13,live
81,37,they,153,157,PRP,WP,13,thei
81,38,are,157,160,VBP,VB,13,ar
81,39,living,160,166,VBG,VB,12,live
81,40,.,166,167,.,.,19,.
82,0,The,0,3,DT,DT,8,The
82,1,Minister,3,11,NNP,NN,8,Minist
82,2,spoke,11,16,VBD,VB,8,spoke
82,3,about,16,21,IN,IN,7,about
82,4,the,21,24,DT,DT,5,the
82,5,age,24,27,NN,NN,5,ag
82,6,profile,27,34,NN,NN,5,profil
82,7,of,34,36,IN,IN,5,of
82,8,those,36,41,DT,DT,3,those
82,9,travelling,41,51,VBG,VB,3,travel
82,10,abroad,51,57,RB,RB,2,abroad
82,11,for,57,60,IN,IN,2,for
82,12,a,60,61,DT,DT,1,a
82,13,termination,61,72,NN,NN,1,termin
82,14,.,72,73,.,.,9,.
83,0,I,0,1,PRP,WP,9,I
83,1,have,1,5,VBP,VB,9,have
83,2,received,5,13,VBN,VB,8,receiv
83,3,several,13,20,JJ,JJ,7,sever
83,4,emails,20,26,NNS,NN,7,email
83,5,from,26,30,IN,IN,7,from
83,6,people,30,36,NNS,NN,5,peopl
83,7,which,36,41,WDT,WDT,4,which
83,8,",",41,42,",",",",5,","
83,9,to,42,44,TO,TO,3,to
83,10,say,44,47,VB,VB,2,sai
83,11,the,47,50,DT,DT,1,the
83,12,least,50,55,JJS,JJ,1,least
83,13,",",55,56,",",",",11,","
83,14,I,56,57,PRP,WP,10,I
83,15,find,57,61,VBP,VB,10,find
83,16,quite,61,66,RB,RB,9,quit
83,17,alarming,66,74,JJ,JJ,9,alarm
83,18,.,74,75,.,.,11,.
84,0,I,0,1,PRP,WP,22,I
84,1,am,1,3,VBP,VB,22,am
84,2,alarmed,3,10,VBN,VB,21,alarm
84,3,that,10,14,IN,IN,20,that
84,4,there,14,19,EX,EX,18,there
84,5,are,19,22,VBP,VB,18,ar
84,6,people,22,28,NNS,NN,16,peopl
84,7,in,28,30,IN,IN,16,in
84,8,our,30,33,PRP$,WP,15,our
84,9,society,33,40,NN,NN,15,societi
84,10,who,40,43,WP,WP,15,who
84,11,think,43,48,VBP,VB,14,think
84,12,this,48,52,DT,DT,13,thi
84,13,way,52,55,NN,NN,13,wai
84,14,because,55,62,IN,IN,13,becaus
84,15,in,62,64,IN,IN,11,in
84,16,their,64,69,PRP$,WP,10,their
84,17,emails,69,75,NNS,NN,10,email
84,18,they,75,79,PRP,WP,11,thei
84,19,are,79,82,VBP,VB,11,ar
84,20,effectively,82,93,RB,RB,10,effect
84,21,saying,93,99,VBG,VB,10,sai
84,22,the,99,102,DT,DT,8,the
84,23,women,102,107,NNS,NN,8,women
84,24,who,107,110,WP,WP,7,who
84,25,travel,110,116,NN,NN,6,travel
84,26,abroad,116,122,RB,RB,6,abroad
84,27,are,122,125,VBP,VB,6,ar
84,28,just,125,129,RB,RB,5,just
84,29,using,129,134,VBG,VB,5,us
84,30,abortion,134,142,NN,NN,4,abort
84,31,as,142,144,IN,IN,4,as
84,32,another,144,151,DT,DT,2,anoth
84,33,form,151,155,NN,NN,2,form
84,34,of,155,157,IN,IN,2,of
84,35,contraception,157,170,NN,NN,1,contracept
84,36,.,170,171,.,.,23,.
85,0,I,0,1,PRP,WP,3,I
85,1,find,1,5,VBP,VB,3,find
85,2,that,5,9,DT,DT,1,that
85,3,grossly,9,16,RB,RB,1,grossli
85,4,offensive,16,25,JJ,JJ,1,offens
85,5,.,25,26,.,.,4,.
86,0,I,0,1,PRP,WP,13,I
86,1,do,1,3,VBP,VB,13,do
86,2,not,3,6,RB,RB,13,not
86,3,know,6,10,VB,VB,12,know
86,4,of,10,12,IN,IN,11,of
86,5,any,12,15,DT,DT,9,ani
86,6,woman,15,20,NN,NN,9,woman
86,7,who,20,23,WP,WP,8,who
86,8,will,23,27,MD,MD,7,will
86,9,get,27,30,VB,VB,5,get
86,10,onto,30,34,IN,IN,4,onto
86,11,an,34,36,DT,DT,3,an
86,12,aeroplane,36,45,NN,NN,3,aeroplan
86,13,lightly,45,52,RB,RB,4,lightli
86,14,and,52,55,CC,CC,6,and
86,15,head,55,59,VB,VB,5,head
86,16,to,59,61,TO,TO,4,to
86,17,Liverpool,61,70,NNP,NN,3,Liverpool
86,18,",",70,71,",",",",3,","
86,19,Birmingham,71,81,NNP,NN,3,Birmingham
86,20,or,81,83,CC,CC,3,or
86,21,Holland,83,90,NNP,NN,3,Holland
86,22,for,90,93,IN,IN,4,for
86,23,a,93,94,DT,DT,2,a
86,24,termination,94,105,NN,NN,2,termin
86,25,of,105,107,IN,IN,2,of
86,26,a,107,108,DT,DT,1,a
86,27,pregnancy,108,117,NN,NN,1,pregnanc
86,28,.,117,118,.,.,14,.
87,0,I,0,1,PRP,WP,15,I
87,1,know,1,5,VBP,VB,15,know
87,2,women,5,10,NNS,NN,13,women
87,3,who,10,13,WP,WP,12,who
87,4,have,13,17,VBP,VB,11,have
87,5,had,17,20,VBN,VB,10,had
87,6,terminations,20,32,NNS,NN,8,termin
87,7,",",32,33,",",",",9,","
87,8,an,33,35,DT,DT,7,an
87,9,issue,35,40,NN,NN,7,issu
87,10,with,40,44,IN,IN,6,with
87,11,which,44,49,WDT,WDT,5,which
87,12,they,49,53,PRP,WP,5,thei
87,13,grappled,53,61,VBD,VB,5,grappl
87,14,before,61,67,IN,IN,4,befor
87,15,they,67,71,PRP,WP,2,thei
87,16,made,71,75,VBD,VB,2,made
87,17,their,75,80,PRP$,WP,1,their
87,18,final,80,85,JJ,JJ,1,final
87,19,decision,85,93,NN,NN,1,decis
87,20,.,93,94,.,.,16,.
88,0,That,0,4,IN,IN,6,That
88,1,it,4,6,PRP,WP,4,it
88,2,is,6,8,VBZ,VB,4,is
88,3,just,8,12,RB,RB,3,just
88,4,another,12,19,DT,DT,2,anoth
88,5,form,19,23,NN,NN,2,form
88,6,of,23,25,IN,IN,2,of
88,7,contraception,25,38,NN,NN,1,contracept
88,8,is,38,40,VBZ,VB,6,is
88,9,a,40,41,DT,DT,4,a
88,10,grotesque,41,50,JJ,JJ,3,grotesqu
88,11,",",50,51,",",",",3,","
88,12,offensive,51,60,JJ,JJ,3,offens
88,13,view,60,64,NN,NN,4,view
88,14,of,64,66,IN,IN,4,of
88,15,women,66,71,NNS,NN,3,women
88,16,.,71,72,.,.,7,.
89,0,As,0,2,IN,IN,5,As
89,1,my,2,4,PRP$,WP,3,my
89,2,party,4,9,NN,NN,3,parti
89,3,has,9,12,VBZ,VB,3,ha
89,4,allowed,12,19,VBN,VB,2,allow
89,5,members,19,26,NNS,NN,1,member
89,6,a,26,27,DT,DT,1,a
89,7,free,27,31,JJ,JJ,1,free
89,8,vote,31,35,NN,NN,1,vote
89,9,",",35,36,",",",",6,","
89,10,I,36,37,PRP,WP,5,I
89,11,am,37,39,VBP,VB,5,am
89,12,speaking,39,47,VBG,VB,4,speak
89,13,in,47,49,IN,IN,3,in
89,14,a,49,50,DT,DT,2,a
89,15,personal,50,58,JJ,JJ,2,person
89,16,capacity,58,66,NN,NN,2,capac
89,17,.,66,67,.,.,6,.
90,0,I,0,1,PRP,WP,9,I
90,1,am,1,3,VBP,VB,9,am
90,2,speaking,3,11,VBG,VB,8,speak
90,3,as,11,13,IN,IN,6,as
90,4,a,13,14,DT,DT,5,a
90,5,Fianna,14,20,NNP,NN,5,Fianna
90,6,Fáil,20,24,NNP,NN,5,Fáil
90,7,Deputy,24,30,NNP,NN,5,Deputi
90,8,but,30,33,CC,CC,7,but
90,9,in,33,35,IN,IN,6,in
90,10,a,35,36,DT,DT,5,a
90,11,personal,36,44,JJ,JJ,5,person
90,12,capacity,44,52,NN,NN,5,capac
90,13,and,52,55,CC,CC,7,and
90,14,as,55,57,IN,IN,6,as
90,15,a,57,58,DT,DT,4,a
90,16,representative,58,72,NN,NN,4,repres
90,17,of,72,74,IN,IN,4,of
90,18,the,74,77,DT,DT,2,the
90,19,people,77,83,NNS,NN,2,peopl
90,20,of,83,85,IN,IN,2,of
90,21,Cork,85,89,NNP,NN,1,Cork
90,22,North,89,94,NNP,NN,1,North
90,23,Central,94,101,NNP,NN,1,Central
90,24,.,101,102,.,.,10,.
91,0,I,0,1,PRP,WP,24,I
91,1,leave,1,6,VBP,VB,24,leav
91,2,my,6,8,PRP$,WP,23,my
91,3,personal,8,16,JJ,JJ,23,person
91,4,and,16,19,CC,CC,23,and
91,5,political,19,28,JJ,JJ,23,polit
91,6,views,28,33,NNS,NN,23,view
91,7,outside,33,40,IN,IN,23,outsid
91,8,the,40,43,DT,DT,22,the
91,9,door,43,47,NN,NN,22,door
91,10,when,47,51,WRB,RB,22,when
91,11,I,51,52,PRP,WP,21,I
91,12,speak,52,57,VBP,VB,21,speak
91,13,about,57,62,IN,IN,20,about
91,14,these,62,67,DT,DT,19,these
91,15,issues,67,73,NNS,NN,19,issu
91,16,because,73,80,IN,IN,20,becaus
91,17,I,80,81,PRP,WP,18,I
91,18,have,81,85,VBP,VB,18,have
91,19,listened,85,93,VBN,VB,16,listen
91,20,to,93,95,TO,TO,15,to
91,21,the,95,98,DT,DT,14,the
91,22,evidence,98,106,NN,NN,14,evid
91,23,given,106,111,VBN,VB,15,given
91,24,at,111,113,IN,IN,14,at
91,25,the,113,116,DT,DT,13,the
91,26,committee,116,125,NN,NN,13,committe
91,27,",",125,126,",",",",17,","
91,28,heard,126,131,VBN,VB,16,heard
91,29,the,131,134,DT,DT,15,the
91,30,personal,134,142,JJ,JJ,15,person
91,31,testimonies,142,153,NNS,NN,15,testimoni
91,32,about,153,158,IN,IN,15,about
91,33,what,158,162,WP,WP,13,what
91,34,people,162,168,NNS,NN,12,peopl
91,35,had,168,171,VBD,VB,12,had
91,36,to,171,173,TO,TO,10,to
91,37,endure,173,179,VB,VB,9,endur
91,38,and,179,182,CC,CC,17,and
91,39,spoken,182,188,VBN,VB,16,spoken
91,40,to,188,190,TO,TO,15,to
91,41,individual,190,200,JJ,JJ,13,individu
91,42,constituents,200,212,NNS,NN,13,constitu
91,43,who,212,215,WP,WP,12,who
91,44,brought,215,222,VBD,VB,11,brought
91,45,to,222,224,TO,TO,10,to
91,46,my,224,226,PRP$,WP,9,my
91,47,attention,226,235,NN,NN,9,attent
91,48,the,235,238,DT,DT,9,the
91,49,challenges,238,248,NNS,NN,9,challeng
91,50,they,248,252,PRP,WP,7,thei
91,51,faced,252,257,VBD,VB,7,face
91,52,when,257,261,WRB,RB,5,when
91,53,they,261,265,PRP,WP,4,thei
91,54,received,265,273,VBD,VB,4,receiv
91,55,the,273,276,DT,DT,2,the
91,56,devastating,276,287,JJ,JJ,2,devast
91,57,news,287,291,NN,NN,2,new
91,58,of,291,293,IN,IN,2,of
91,59,a,293,294,DT,DT,1,a
91,60,fatal,294,299,JJ,JJ,1,fatal
91,61,foetal,299,305,JJ,JJ,1,foetal
91,62,abnormality,305,316,NN,NN,1,abnorm
91,63,or,316,318,CC,CC,17,or
91,64,",",318,319,",",",",17,","
91,65,in,319,321,IN,IN,16,in
91,66,some,321,325,DT,DT,14,some
91,67,cases,325,330,NNS,NN,14,case
91,68,",",330,331,",",",",15,","
91,69,a,331,332,DT,DT,14,a
91,70,foetal,332,338,JJ,JJ,14,foetal
91,71,abnormality,338,349,NN,NN,14,abnorm
91,72,and,349,352,CC,CC,15,and
91,73,the,352,355,DT,DT,13,the
91,74,decisions,355,364,NNS,NN,13,decis
91,75,they,364,368,PRP,WP,11,thei
91,76,had,368,371,VBD,VB,11,had
91,77,to,371,373,TO,TO,9,to
91,78,make,373,377,VB,VB,8,make
91,79,.,377,378,.,.,25,.
92,0,Space,0,5,NNP,NN,5,Space
92,1,should,5,11,MD,MD,5,should
92,2,be,11,13,VB,VB,4,be
92,3,given,13,18,VBN,VB,3,given
92,4,in,18,20,IN,IN,2,in
92,5,this,20,24,DT,DT,1,thi
92,6,debate,24,30,NN,NN,1,debat
92,7,.,30,31,.,.,6,.
93,0,If,0,2,IN,IN,14,If
93,1,we,2,4,PRP,WP,12,we
93,2,expect,4,10,VBP,VB,12,expect
93,3,the,10,13,DT,DT,10,the
93,4,people,13,19,NNS,NN,10,peopl
93,5,to,19,21,TO,TO,10,to
93,6,behave,21,27,VB,VB,9,behav
93,7,in,27,29,IN,IN,8,in
93,8,a,29,30,DT,DT,6,a
93,9,manner,30,36,NN,NN,6,manner
93,10,that,36,40,WDT,WDT,5,that
93,11,allows,40,46,VBZ,VB,4,allow
93,12,respect,46,53,NN,NN,2,respect
93,13,for,53,56,IN,IN,2,for
93,14,varying,56,63,VBG,VB,1,vari
93,15,views,63,68,NNS,NN,1,view
93,16,",",68,69,",",",",15,","
93,17,the,69,72,DT,DT,13,the
93,18,very,72,76,RB,RB,12,veri
93,19,least,76,81,JJS,JJ,12,least
93,20,we,81,83,PRP,WP,11,we
93,21,should,83,89,MD,MD,11,should
93,22,do,89,91,VB,VB,10,do
93,23,is,91,93,VBZ,VB,14,is
93,24,expect,93,99,VB,VB,13,expect
93,25,the,99,102,DT,DT,12,the
93,26,same,102,106,JJ,JJ,12,same
93,27,from,106,110,IN,IN,12,from
93,28,each,110,114,DT,DT,10,each
93,29,other,114,119,JJ,JJ,10,other
93,30,in,119,121,IN,IN,10,in
93,31,this,121,125,DT,DT,9,thi
93,32,House,125,130,NNP,NN,9,Hous
93,33,.,130,131,.,.,15,.
94,0,If,0,2,IN,IN,10,If
94,1,we,2,4,PRP,WP,8,we
94,2,are,4,7,VBP,VB,8,ar
94,3,to,7,9,TO,TO,6,to
94,4,lead,9,13,VB,VB,5,lead
94,5,by,13,15,IN,IN,4,by
94,6,example,15,22,NN,NN,2,exampl
94,7,in,22,24,IN,IN,2,in
94,8,any,24,27,DT,DT,1,ani
94,9,way,27,30,NN,NN,1,wai
94,10,",",30,31,",",",",11,","
94,11,we,31,33,PRP,WP,10,we
94,12,must,33,37,MD,MD,10,must
94,13,allow,37,42,VB,VB,9,allow
94,14,space,42,47,NN,NN,7,space
94,15,for,47,50,IN,IN,7,for
94,16,varying,50,57,VBG,VB,6,vari
94,17,views,57,62,NNS,NN,6,view
94,18,to,62,64,TO,TO,7,to
94,19,be,64,66,VB,VB,6,be
94,20,expressed,66,75,VBN,VB,5,express
94,21,.,75,76,.,.,11,.
95,0,Committee,0,9,NNP,NN,6,Committe
95,1,members,9,16,NNS,NN,6,member
95,2,held,16,20,VBD,VB,6,held
95,3,varying,20,27,VBG,VB,4,vari
95,4,views,27,32,NNS,NN,4,view
95,5,on,32,34,IN,IN,4,on
95,6,the,34,37,DT,DT,2,the
95,7,issues,37,43,NNS,NN,2,issu
95,8,before,43,49,IN,IN,2,befor
95,9,it,49,51,PRP,WP,1,it
95,10,",",51,52,",",",",8,","
95,11,but,52,55,CC,CC,8,but
95,12,majority,55,63,NN,NN,6,major
95,13,views,63,68,NNS,NN,6,view
95,14,were,68,72,VBD,VB,6,were
95,15,expressed,72,81,VBN,VB,5,express
95,16,in,81,83,IN,IN,4,in
95,17,a,83,84,DT,DT,2,a
95,18,number,84,90,NN,NN,2,number
95,19,of,90,92,IN,IN,2,of
95,20,areas,92,97,NNS,NN,1,area
95,21,.,97,98,.,.,8,.
96,0,The,0,3,DT,DT,12,The
96,1,Citizens,3,11,NNPS,NN,12,Citizen
96,2,',11,12,POS,POS,12,'
96,3,Assembly,12,20,NN,NN,13,Assembl
96,4,made,20,24,VBD,VB,13,made
96,5,recommendations,24,39,NNS,NN,12,recommend
96,6,to,39,41,TO,TO,11,to
96,7,allow,41,46,VB,VB,10,allow
96,8,a,46,47,DT,DT,9,a
96,9,termination,47,58,NN,NN,9,termin
96,10,for,58,61,IN,IN,9,for
96,11,various,61,68,JJ,JJ,7,variou
96,12,reasons,68,75,NNS,NN,7,reason
96,13,",",75,76,",",",",8,","
96,14,the,76,79,DT,DT,5,the
96,15,first,79,84,JJ,JJ,5,first
96,16,of,84,86,IN,IN,5,of
96,17,which,86,91,WDT,WDT,4,which
96,18,was,91,94,VBD,VB,5,wa
96,19,a,94,95,DT,DT,4,a
96,20,real,95,99,JJ,JJ,3,real
96,21,and,99,102,CC,CC,3,and
96,22,substantial,102,113,JJ,JJ,3,substanti
96,23,physical,113,121,JJ,JJ,4,physic
96,24,risk,121,125,NN,NN,4,risk
96,25,to,125,127,TO,TO,4,to
96,26,the,127,130,DT,DT,2,the
96,27,life,130,134,NN,NN,2,life
96,28,of,134,136,IN,IN,2,of
96,29,the,136,139,DT,DT,1,the
96,30,woman,139,144,NN,NN,1,woman
96,31,.,144,145,.,.,14,.
97,0,Reason,0,6,NNP,NN,6,Reason
97,1,No.,6,9,NN,NN,6,No.
97,2,2,9,10,CD,CD,6,2
97,3,was,10,13,VBD,VB,6,wa
97,4,a,13,14,DT,DT,4,a
97,5,real,14,18,JJ,JJ,4,real
97,6,and,18,21,CC,CC,4,and
97,7,substantial,21,32,JJ,JJ,4,substanti
97,8,risk,32,36,NN,NN,4,risk
97,9,to,36,38,TO,TO,4,to
97,10,the,38,41,DT,DT,2,the
97,11,life,41,45,NN,NN,2,life
97,12,of,45,47,IN,IN,2,of
97,13,the,47,50,DT,DT,1,the
97,14,woman,50,55,NN,NN,1,woman
97,15,by,55,57,IN,IN,5,by
97,16,suicide,57,64,NN,NN,4,suicid
97,17,.,64,65,.,.,7,.
98,0,Reason,0,6,NNP,NN,5,Reason
98,1,No.,6,9,NN,NN,5,No.
98,2,3,9,10,CD,CD,5,3
98,3,was,10,13,VBD,VB,5,wa
98,4,a,13,14,DT,DT,4,a
98,5,serious,14,21,JJ,JJ,4,seriou
98,6,risk,21,25,NN,NN,4,risk
98,7,to,25,27,TO,TO,4,to
98,8,the,27,30,DT,DT,2,the
98,9,health,30,36,NN,NN,2,health
98,10,of,36,38,IN,IN,2,of
98,11,the,38,41,DT,DT,1,the
98,12,woman,41,46,NN,NN,1,woman
98,13,.,46,47,.,.,6,.
99,0,Reason,0,6,NNP,NN,5,Reason
99,1,No.,6,9,NN,NN,5,No.
99,2,4,9,10,CD,CD,5,4
99,3,was,10,13,VBD,VB,5,wa
99,4,a,13,14,DT,DT,4,a
99,5,serious,14,21,JJ,JJ,4,seriou
99,6,risk,21,25,NN,NN,4,risk
99,7,to,25,27,TO,TO,4,to
99,8,the,27,30,DT,DT,2,the
99,9,mental,30,36,JJ,JJ,2,mental
99,10,health,36,42,NN,NN,2,health
99,11,of,42,44,IN,IN,2,of
99,12,the,44,47,DT,DT,1,the
99,13,woman,47,52,NN,NN,1,woman
99,14,.,52,53,.,.,6,.
100,0,Reason,0,6,NNP,NN,5,Reason
100,1,No.,6,9,NN,NN,5,No.
100,2,5,9,10,CD,CD,5,5
100,3,was,10,13,VBD,VB,5,wa
100,4,a,13,14,DT,DT,4,a
100,5,serious,14,21,JJ,JJ,4,seriou
100,6,risk,21,25,NN,NN,4,risk
100,7,to,25,27,TO,TO,4,to
100,8,the,27,30,DT,DT,2,the
100,9,health,30,36,NN,NN,2,health
100,10,of,36,38,IN,IN,2,of
100,11,the,38,41,DT,DT,1,the
100,12,woman,41,46,NN,NN,1,woman
100,13,.,46,47,.,.,6,.
101,0,Reason,0,6,NNP,NN,6,Reason
101,1,No.,6,9,NN,NN,6,No.
101,2,6,9,10,CD,CD,6,6
101,3,was,10,13,VBD,VB,6,wa
101,4,a,13,14,DT,DT,4,a
101,5,risk,14,18,NN,NN,4,risk
101,6,to,18,20,TO,TO,4,to
101,7,the,20,23,DT,DT,2,the
101,8,physical,23,31,JJ,JJ,2,physic
101,9,health,31,37,NN,NN,2,health
101,10,of,37,39,IN,IN,2,of
101,11,the,39,42,DT,DT,1,the
101,12,woman,42,47,NN,NN,1,woman
101,13,.,47,48,.,.,7,.
102,0,Reason,0,6,NNP,NN,6,Reason
102,1,No.,6,9,NN,NN,6,No.
102,2,7,9,10,CD,CD,6,7
102,3,was,10,13,VBD,VB,6,wa
102,4,a,13,14,DT,DT,4,a
102,5,risk,14,18,NN,NN,4,risk
102,6,to,18,20,TO,TO,4,to
102,7,the,20,23,DT,DT,2,the
102,8,mental,23,29,JJ,JJ,2,mental
102,9,health,29,35,NN,NN,2,health
102,10,of,35,37,IN,IN,2,of
102,11,the,37,40,DT,DT,1,the
102,12,woman,40,45,NN,NN,1,woman
102,13,.,45,46,.,.,7,.
103,0,Reason,0,6,NNP,NN,6,Reason
103,1,No.,6,9,NN,NN,6,No.
103,2,8,9,10,CD,CD,6,8
103,3,was,10,13,VBD,VB,6,wa
103,4,a,13,14,DT,DT,4,a
103,5,risk,14,18,NN,NN,4,risk
103,6,to,18,20,TO,TO,4,to
103,7,the,20,23,DT,DT,2,the
103,8,health,23,29,NN,NN,2,health
103,9,of,29,31,IN,IN,2,of
103,10,the,31,34,DT,DT,1,the
103,11,woman,34,39,NN,NN,1,woman
103,12,.,39,40,.,.,7,.
104,0,Reason,0,6,NNP,NN,6,Reason
104,1,No.,6,9,NN,NN,6,No.
104,2,9,9,10,CD,CD,6,9
104,3,was,10,13,VBD,VB,6,wa
104,4,pregnancy,13,22,NN,NN,4,pregnanc
104,5,as,22,24,IN,IN,4,as
104,6,a,24,25,DT,DT,2,a
104,7,result,25,31,NN,NN,2,result
104,8,of,31,33,IN,IN,2,of
104,9,rape,33,37,NN,NN,1,rape
104,10,.,37,38,.,.,7,.
105,0,As,0,2,IN,IN,5,As
105,1,a,2,3,DT,DT,4,a
105,2,committee,3,12,NN,NN,4,committe
105,3,",",12,13,",",",",6,","
105,4,we,13,15,PRP,WP,4,we
105,5,concurred,15,24,VBD,VB,4,concur
105,6,",",24,25,",",",",6,","
105,7,by,25,27,IN,IN,5,by
105,8,and,27,30,CC,CC,5,and
105,9,large,30,35,JJ,JJ,5,larg
105,10,",",35,36,",",",",6,","
105,11,with,36,40,IN,IN,5,with
105,12,the,40,43,DT,DT,3,the
105,13,recommendations,43,58,NNS,NN,3,recommend
105,14,of,58,60,IN,IN,3,of
105,15,the,60,63,DT,DT,1,the
105,16,Citizens,63,71,NNPS,NN,1,Citizen
105,17,',71,72,POS,POS,1,'
105,18,Assembly,72,80,NN,NN,2,Assembl
105,19,.,80,81,.,.,6,.
106,0,However,0,7,RB,RB,5,Howev
106,1,",",7,8,",",",",6,","
106,2,we,8,10,PRP,WP,5,we
106,3,did,10,13,VBD,VB,5,did
106,4,deviate,13,20,NN,NN,4,deviat
106,5,from,20,24,IN,IN,4,from
106,6,some,24,28,DT,DT,2,some
106,7,of,28,30,IN,IN,2,of
106,8,its,30,33,PRP$,WP,1,it
106,9,recommendations,33,48,NNS,NN,1,recommend
106,10,",",48,49,",",",",4,","
106,11,primarily,49,58,RB,RB,3,primarili
106,12,in,58,60,IN,IN,4,in
106,13,the,60,63,DT,DT,2,the
106,14,area,63,67,NN,NN,2,area
106,15,of,67,69,IN,IN,2,of
106,16,disability,69,79,NN,NN,1,disabl
106,17,.,79,80,.,.,6,.
107,0,We,0,2,PRP,WP,8,We
107,1,were,2,6,VBD,VB,8,were
107,2,very,6,10,RB,RB,7,veri
107,3,clear,10,15,JJ,JJ,7,clear
107,4,that,15,19,IN,IN,7,that
107,5,disability,19,29,NN,NN,5,disabl
107,6,should,29,35,MD,MD,5,should
107,7,not,35,38,RB,RB,5,not
107,8,be,38,40,VB,VB,4,be
107,9,a,40,41,DT,DT,2,a
107,10,ground,41,47,NN,NN,2,ground
107,11,for,47,50,IN,IN,2,for
107,12,a,50,51,DT,DT,1,a
107,13,termination,51,62,NN,NN,1,termin
107,14,.,62,63,.,.,9,.
108,0,Let,0,3,VB,VB,4,Let
108,1,us,3,5,PRP,WP,2,us
108,2,be,5,7,VB,VB,2,be
108,3,honest,7,13,JJ,JJ,1,honest
108,4,-,13,14,:,:,6,-
108,5,people,14,20,NNS,NN,4,peopl
108,6,make,20,24,VBP,VB,4,make
108,7,decisions,24,33,NNS,NN,3,decis
108,8,and,33,36,CC,CC,3,and
108,9,choices,36,43,NNS,NN,3,choic
108,10,.,43,44,.,.,6,.
109,0,Are,0,3,VBG,VB,8,Are
109,1,we,3,5,PRP,WP,6,we
109,2,to,5,7,TO,TO,6,to
109,3,adjudicate,7,17,VB,VB,4,adjud
109,4,on,17,19,RP,RP,3,on
109,5,and,19,22,CC,CC,5,and
109,6,be,22,24,VB,VB,4,be
109,7,judgmental,24,34,VBN,VB,3,judgment
109,8,about,34,39,IN,IN,2,about
109,9,the,39,42,DT,DT,1,the
109,10,decisions,42,51,NNS,NN,1,decis
109,11,they,51,55,PRP,WP,9,thei
109,12,make,55,59,VBP,VB,9,make
109,13,?,59,60,.,.,10,?
110,0,Who,0,3,WP,WP,16,Who
110,1,are,3,6,VBP,VB,16,ar
110,2,we,6,8,PRP,WP,15,we
110,3,to,8,10,TO,TO,14,to
110,4,judge,10,15,VB,VB,13,judg
110,5,a,15,16,DT,DT,11,a
110,6,person,16,22,NN,NN,11,person
110,7,who,22,25,WP,WP,10,who
110,8,has,25,28,VBZ,VB,9,ha
110,9,just,28,32,RB,RB,8,just
110,10,received,32,40,VBN,VB,8,receiv
110,11,the,40,43,DT,DT,7,the
110,12,most,43,47,RBS,RB,6,most
110,13,devastating,47,58,JJ,JJ,6,devast
110,14,news,58,62,NN,NN,7,new
110,15,that,62,66,IN,IN,7,that
110,16,the,66,69,DT,DT,4,the
110,17,baby,69,73,NN,NN,4,babi
110,18,she,73,76,PRP,WP,2,she
110,19,is,76,78,VBZ,VB,2,is
110,20,carrying,78,86,VBG,VB,1,carri
110,21,has,86,89,VBZ,VB,4,ha
110,22,a,89,90,DT,DT,3,a
110,23,profound,90,98,JJ,JJ,3,profound
110,24,disability,98,108,NN,NN,3,disabl
110,25,or,108,110,CC,CC,5,or
110,26,will,110,114,MD,MD,4,will
110,27,die,114,117,VB,VB,3,die
110,28,ex-utero,117,125,JJ,JJ,2,ex-utero
110,29,?,125,126,.,.,17,?
111,0,The,0,3,DT,DT,8,The
111,1,committee,3,12,NN,NN,8,committe
111,2,did,12,15,VBD,VB,8,did
111,3,state,15,20,NN,NN,7,state
111,4,",",20,21,",",",",8,","
111,5,however,21,28,RB,RB,7,howev
111,6,",",28,29,",",",",8,","
111,7,that,29,33,IN,IN,7,that
111,8,after,33,38,IN,IN,5,after
111,9,a,38,39,DT,DT,3,a
111,10,period,39,45,NN,NN,3,period
111,11,of,45,47,IN,IN,3,of
111,12,12,47,49,CD,CD,2,12
111,13,weeks,49,54,NNS,NN,2,week
111,14,",",54,55,",",",",6,","
111,15,disability,55,65,NN,NN,5,disabl
111,16,would,65,70,MD,MD,5,would
111,17,not,70,73,RB,RB,5,not
111,18,be,73,75,VB,VB,4,be
111,19,a,75,76,DT,DT,2,a
111,20,ground,76,82,NN,NN,2,ground
111,21,for,82,85,IN,IN,2,for
111,22,a,85,86,DT,DT,1,a
111,23,legal,86,91,JJ,JJ,1,legal
111,24,termination,91,102,NN,NN,1,termin
111,25,.,102,103,.,.,9,.
112,0,That,0,4,DT,DT,8,That
112,1,was,4,7,VBD,VB,8,wa
112,2,the,7,10,DT,DT,5,the
112,3,strongly,10,18,RB,RB,4,strongli
112,4,held,18,22,VBN,VB,4,held
112,5,view,22,26,NN,NN,5,view
112,6,of,26,28,IN,IN,5,of
112,7,a,28,29,DT,DT,3,a
112,8,lot,29,32,NN,NN,3,lot
112,9,of,32,34,IN,IN,3,of
112,10,committee,34,43,NN,NN,2,committe
112,11,members,43,50,NNS,NN,2,member
112,12,",",50,51,",",",",7,","
112,13,even,51,55,RB,RB,7,even
112,14,those,55,60,DT,DT,5,those
112,15,who,60,63,WP,WP,4,who
112,16,had,63,66,VBD,VB,3,had
112,17,quite,66,71,RB,RB,1,quit
112,18,open,71,75,JJ,JJ,1,open
112,19,views,75,80,NNS,NN,2,view
112,20,on,80,82,IN,IN,2,on
112,21,this,82,86,DT,DT,1,thi
112,22,issue,86,91,NN,NN,1,issu
112,23,.,91,92,.,.,9,.
113,0,It,0,2,PRP,WP,7,It
113,1,was,2,5,VBD,VB,7,wa
113,2,not,5,8,RB,RB,7,not
113,3,the,8,11,DT,DT,6,the
113,4,case,11,15,NN,NN,6,case
113,5,that,15,19,IN,IN,6,that
113,6,the,19,22,DT,DT,4,the
113,7,committee,22,31,NN,NN,4,committe
113,8,was,31,34,VBD,VB,4,wa
113,9,a,34,35,DT,DT,3,a
113,10,slave,35,40,NN,NN,3,slave
113,11,to,40,42,TO,TO,3,to
113,12,the,42,45,DT,DT,1,the
113,13,Citizens,45,53,NNPS,NN,1,Citizen
113,14,',53,54,POS,POS,1,'
113,15,Assembly,54,62,NN,NN,2,Assembl
113,16,.,62,63,.,.,8,.
114,0,It,0,2,PRP,WP,6,It
114,1,deliberated,2,13,VBD,VB,5,deliber
114,2,on,13,15,IN,IN,4,on
114,3,every,15,20,DT,DT,2,everi
114,4,one,20,23,NN,NN,2,on
114,5,of,23,25,IN,IN,2,of
114,6,the,25,28,DT,DT,1,the
114,7,recommendations,28,43,NNS,NN,1,recommend
114,8,and,43,46,CC,CC,6,and
114,9,came,46,50,VBD,VB,4,came
114,10,to,50,52,TO,TO,3,to
114,11,its,52,55,PRP$,WP,2,it
114,12,own,55,58,JJ,JJ,2,own
114,13,conclusions,58,69,NNS,NN,2,conclus
114,14,and,69,72,CC,CC,5,and
114,15,did,72,75,VBD,VB,4,did
114,16,diverge,75,82,VB,VB,3,diverg
114,17,in,82,84,IN,IN,2,in
114,18,certain,84,91,JJ,JJ,1,certain
114,19,areas,91,96,NNS,NN,1,area
114,20,.,96,97,.,.,7,.
115,0,I,0,1,PRP,WP,11,I
115,1,fervently,1,10,RB,RB,11,fervent
115,2,hope,10,14,VBP,VB,11,hope
115,3,the,14,17,DT,DT,7,the
115,4,Government,17,27,NN,NN,7,Govern
115,5,can,27,30,MD,MD,7,can
115,6,keep,30,34,VB,VB,6,keep
115,7,to,34,36,TO,TO,5,to
115,8,its,36,39,PRP$,WP,4,it
115,9,timetable,39,48,NN,NN,4,timet
115,10,and,48,51,CC,CC,10,and
115,11,that,51,55,IN,IN,9,that
115,12,we,55,57,PRP,WP,7,we
115,13,can,57,60,MD,MD,7,can
115,14,have,60,64,VB,VB,6,have
115,15,the,64,67,DT,DT,4,the
115,16,substantive,67,78,JJ,JJ,4,substant
115,17,issue,78,83,NN,NN,4,issu
115,18,of,83,85,IN,IN,4,of
115,19,the,85,88,DT,DT,2,the
115,20,repeal,88,94,NN,NN,2,repeal
115,21,of,94,96,IN,IN,2,of
115,22,Article,96,103,NNP,NN,1,Articl
115,23,40.3.3,103,109,CD,CD,11,40.3.3
115,24,odealt,109,115,NN,NN,11,odealt
116,0,with,0,4,IN,IN,3,with
116,1,by,4,6,IN,IN,2,by
116,2,the,6,9,DT,DT,1,the
116,3,summer,9,15,NN,NN,1,summer
116,4,.,15,16,.,.,4,.
117,0,Publishing,0,10,NN,NN,4,Publish
117,1,the,10,13,DT,DT,4,the
117,2,scheme,13,19,NN,NN,4,scheme
117,3,of,19,21,IN,IN,4,of
117,4,a,21,22,DT,DT,2,a
117,5,Bill,22,26,NN,NN,2,Bill
117,6,in,26,28,IN,IN,2,in
117,7,that,28,32,DT,DT,1,that
117,8,timeframe,32,41,NN,NN,1,timefram
117,9,will,41,45,MD,MD,5,will
117,10,require,45,52,VB,VB,4,requir
117,11,a,52,53,DT,DT,2,a
117,12,lot,53,56,NN,NN,2,lot
117,13,of,56,58,IN,IN,2,of
117,14,resources,58,67,NNS,NN,1,resourc
117,15,.,67,68,.,.,6,.
118,0,We,0,2,PRP,WP,15,We
118,1,must,2,6,MD,MD,15,must
118,2,be,6,8,VB,VB,13,be
118,3,honest,8,14,JJ,JJ,12,honest
118,4,when,14,18,WRB,RB,11,when
118,5,we,18,20,PRP,WP,10,we
118,6,are,20,23,VBP,VB,10,ar
118,7,talking,23,30,VBG,VB,9,talk
118,8,about,30,35,IN,IN,8,about
118,9,legislation,35,46,NN,NN,6,legisl
118,10,",",46,47,",",",",7,","
118,11,people,47,53,NNS,NN,5,peopl
118,12,having,53,59,VBG,VB,5,have
118,13,concerns,59,67,NNS,NN,3,concern
118,14,about,67,72,IN,IN,3,about
118,15,a,72,73,DT,DT,1,a
118,16,12-week,73,80,JJ,JJ,1,12-week
118,17,limit,80,85,NN,NN,1,limit
118,18,",",85,86,",",",",2,","
118,19,foetal,86,92,JJ,JJ,1,foetal
118,20,anomalies,92,101,NNS,NN,1,anomali
118,21,",",101,102,",",",",2,","
118,22,fatal,102,107,JJ,JJ,1,fatal
118,23,foetal,107,113,JJ,JJ,1,foetal
118,24,anomalies,113,122,NNS,NN,1,anomali
118,25,",",122,123,",",",",2,","
118,26,incest,123,129,NN,NN,1,incest
118,27,and,129,132,CC,CC,2,and
118,28,rape,132,136,NN,NN,1,rape
118,29,and,136,139,CC,CC,14,and
118,30,so,139,141,RB,RB,12,so
118,31,forth,141,146,RB,RB,12,forth
118,32,and,146,149,CC,CC,13,and
118,33,point,149,154,NN,NN,11,point
118,34,out,154,157,IN,IN,11,out
118,35,that,157,161,IN,IN,11,that
118,36,nothing,161,168,NN,NN,9,noth
118,37,can,168,171,MD,MD,9,can
118,38,be,171,173,VB,VB,8,be
118,39,done,173,177,VBN,VB,7,done
118,40,unless,177,183,IN,IN,6,unless
118,41,we,183,185,PRP,WP,4,we
118,42,remove,185,191,VB,VB,4,remov
118,43,Article,191,198,NNP,NN,3,Articl
118,44,40.3.3,198,204,CD,CD,3,40.3.3
118,45,ofrom,204,209,VB,VB,13,ofrom
118,46,the,209,212,DT,DT,12,the
118,47,Constitution,212,224,NNP,NN,12,Constitut
118,48,.,224,225,.,.,16,.
119,0,All,0,3,PDT,PDT,9,All
119,1,the,3,6,DT,DT,9,the
119,2,talk,6,10,NN,NN,9,talk
119,3,about,10,15,IN,IN,9,about
119,4,what,15,19,WP,WP,7,what
119,5,might,19,24,MD,MD,6,might
119,6,or,24,26,CC,CC,6,or
119,7,could,26,31,MD,MD,6,could
119,8,happen,31,37,VB,VB,5,happen
119,9,is,37,39,VBZ,VB,10,is
119,10,only,39,43,RB,RB,9,onli
119,11,relevant,43,51,JJ,JJ,9,relev
119,12,in,51,53,IN,IN,8,in
119,13,the,53,56,DT,DT,7,the
119,14,event,56,61,NN,NN,7,event
119,15,that,61,65,IN,IN,9,that
119,16,Article,65,72,NNP,NN,6,Articl
119,17,40.3.3,72,78,CD,CD,6,40.3.3
119,18,o,78,79,NNP,NN,6,o
119,19,is,79,81,VBZ,VB,6,is
119,20,removed,81,88,VBN,VB,5,remov
119,21,and,88,91,CC,CC,8,and
119,22,the,91,94,DT,DT,5,the
119,23,only,94,98,JJ,JJ,5,onli
119,24,ones,98,102,NNS,NN,5,on
119,25,who,102,105,WP,WP,4,who
119,26,can,105,108,MD,MD,3,can
119,27,remove,108,114,VB,VB,2,remov
119,28,it,114,116,PRP,WP,1,it
119,29,are,116,119,VBP,VB,6,ar
119,30,the,119,122,DT,DT,5,the
119,31,people,122,128,NNS,NN,5,peopl
119,32,.,128,129,.,.,11,.
120,0,My,0,2,PRP$,WP,8,My
120,1,vote,2,6,NN,NN,8,vote
120,2,has,6,9,VBZ,VB,8,ha
120,3,the,9,12,DT,DT,6,the
120,4,same,12,16,JJ,JJ,6,same
120,5,value,16,21,NN,NN,6,valu
120,6,as,21,23,IN,IN,6,as
120,7,that,23,27,DT,DT,4,that
120,8,of,27,29,IN,IN,4,of
120,9,any,29,32,DT,DT,2,ani
120,10,person,32,38,NN,NN,2,person
120,11,outside,38,45,IN,IN,2,outsid
120,12,the,45,48,DT,DT,1,the
120,13,House,48,53,NNP,NN,1,Hous
120,14,.,53,54,.,.,9,.
121,0,It,0,2,PRP,WP,7,It
121,1,will,2,6,MD,MD,7,will
121,2,be,6,8,VB,VB,6,be
121,3,the,8,11,DT,DT,4,the
121,4,citizens,11,19,NNS,NN,4,citizen
121,5,who,19,22,WP,WP,3,who
121,6,will,22,26,MD,MD,2,will
121,7,decide,26,32,VB,VB,1,decid
121,8,.,32,33,.,.,8,.
122,0,Our,0,3,PRP$,WP,13,Our
122,1,duty,3,7,NN,NN,13,duti
122,2,",",7,8,",",",",14,","
122,3,first,8,13,RB,RB,13,first
122,4,and,13,16,CC,CC,13,and
122,5,foremost,16,24,RB,RB,13,foremost
122,6,",",24,25,",",",",14,","
122,7,is,25,27,VBZ,VB,13,is
122,8,to,27,29,TO,TO,11,to
122,9,facilitate,29,39,VB,VB,9,facilit
122,10,the,39,42,DT,DT,7,the
122,11,holding,42,49,NN,NN,7,hold
122,12,of,49,51,IN,IN,7,of
122,13,a,51,52,DT,DT,6,a
122,14,referendum,52,62,NN,NN,6,referendum
122,15,and,62,65,CC,CC,10,and
122,16,establish,65,74,VB,VB,9,establish
122,17,the,74,77,DT,DT,8,the
122,18,commission,77,87,NN,NN,8,commiss
122,19,to,87,89,TO,TO,6,to
122,20,observe,89,96,VB,VB,5,observ
122,21,that,96,100,IN,IN,4,that
122,22,it,100,102,PRP,WP,2,it
122,23,is,102,104,VBZ,VB,2,is
122,24,fair,104,108,JJ,JJ,1,fair
122,25,and,108,111,CC,CC,1,and
122,26,impartial,111,120,JJ,JJ,1,imparti
122,27,.,120,121,.,.,14,.
123,0,Political,0,9,JJ,JJ,13,Polit
123,1,parties,9,16,NNS,NN,13,parti
123,2,and,16,19,CC,CC,13,and
123,3,individuals,19,30,NNS,NN,13,individu
123,4,must,30,34,MD,MD,13,must
123,5,ensure,34,40,VB,VB,12,ensur
123,6,",",40,41,",",",",12,","
123,7,at,41,43,IN,IN,11,at
123,8,the,43,46,DT,DT,10,the
123,9,very,46,50,RB,RB,10,veri
123,10,least,50,55,JJS,JJ,10,least
123,11,",",55,56,",",",",12,","
123,12,that,56,60,IN,IN,11,that
123,13,they,60,64,PRP,WP,9,thei
123,14,are,64,67,VBP,VB,9,ar
123,15,honest,67,73,JJ,JJ,7,honest
123,16,and,73,76,CC,CC,8,and
123,17,up,76,78,RB,RB,7,up
123,18,front,78,83,RB,RB,7,front
123,19,",",83,84,",",",",8,","
123,20,whatever,84,92,WDT,WDT,6,whatev
123,21,view,92,96,VBP,VB,5,view
123,22,they,96,100,PRP,WP,2,thei
123,23,hold,100,104,VBP,VB,2,hold
123,24,",",104,105,",",",",8,","
123,25,and,105,108,CC,CC,8,and
123,26,that,108,112,IN,IN,7,that
123,27,we,112,114,PRP,WP,5,we
123,28,will,114,118,MD,MD,5,will
123,29,all,118,121,RB,RB,5,all
123,30,be,121,123,VB,VB,4,be
123,31,respectful,123,133,JJ,JJ,3,respect
123,32,of,133,135,IN,IN,2,of
123,33,each,135,139,DT,DT,1,each
123,34,other,139,144,JJ,JJ,1,other
123,35,.,144,145,.,.,14,.
124,0,As,0,2,IN,IN,20,As
124,1,someone,2,9,NN,NN,18,someon
124,2,who,9,12,WP,WP,17,who
124,3,will,12,16,MD,MD,16,will
124,4,be,16,18,VB,VB,15,be
124,5,50,18,20,CD,CD,13,50
124,6,years,20,25,NNS,NN,13,year
124,7,old,25,28,JJ,JJ,14,old
124,8,next,28,32,JJ,JJ,14,next
124,9,Saturday,32,40,NNP,NN,14,Saturdai
124,10,",",40,41,",",",",21,","
124,11,I,41,42,PRP,WP,20,I
124,12,do,42,44,VBP,VB,20,do
124,13,not,44,47,RB,RB,20,not
124,14,want,47,51,VB,VB,19,want
124,15,to,51,53,TO,TO,17,to
124,16,preside,53,60,VB,VB,16,presid
124,17,over,60,64,IN,IN,15,over
124,18,the,64,67,DT,DT,13,the
124,19,continuation,67,79,NN,NN,13,continu
124,20,of,79,81,IN,IN,13,of
124,21,the,81,84,DT,DT,12,the
124,22,current,84,91,JJ,JJ,12,current
124,23,situation,91,100,NN,NN,12,situat
124,24,",",100,101,",",",",16,","
124,25,knowing,101,108,VBG,VB,14,know
124,26,that,108,112,IN,IN,13,that
124,27,next,112,116,JJ,JJ,11,next
124,28,year,116,120,NN,NN,11,year
124,29,",",120,121,",",",",12,","
124,30,the,121,124,DT,DT,10,the
124,31,year,124,128,NN,NN,10,year
124,32,after,128,133,IN,IN,9,after
124,33,and,133,136,CC,CC,10,and
124,34,the,136,139,DT,DT,8,the
124,35,year,139,143,NN,NN,8,year
124,36,after,143,148,IN,IN,9,after
124,37,thousands,148,157,NNS,NN,7,thousand
124,38,of,157,159,IN,IN,7,of
124,39,Irish,159,164,JJ,JJ,6,Irish
124,40,girls,164,169,NNS,NN,6,girl
124,41,and,169,172,CC,CC,6,and
124,42,women,172,177,NNS,NN,6,women
124,43,will,177,181,MD,MD,11,will
124,44,board,181,186,VB,VB,10,board
124,45,aeroplanes,186,196,NNS,NN,8,aeroplan
124,46,to,196,198,TO,TO,8,to
124,47,seek,198,202,VB,VB,6,seek
124,48,health,202,208,NN,NN,5,health
124,49,care,208,212,NN,NN,5,care
124,50,in,212,214,IN,IN,5,in
124,51,other,214,219,JJ,JJ,4,other
124,52,countries,219,228,NNS,NN,4,countri
124,53,or,228,230,CC,CC,7,or
124,54,climb,230,235,VB,VB,6,climb
124,55,the,235,238,DT,DT,5,the
124,56,stairs,238,244,NNS,NN,5,stair
124,57,to,244,246,TO,TO,5,to
124,58,their,246,251,PRP$,WP,3,their
124,59,bedroom,251,258,NN,NN,3,bedroom
124,60,with,258,262,IN,IN,3,with
124,61,an,262,264,DT,DT,2,an
124,62,abortion,264,272,NN,NN,2,abort
124,63,pill,272,276,NN,NN,2,pill
124,64,because,276,283,IN,IN,5,becaus
124,65,the,283,286,DT,DT,3,the
124,66,State,286,291,NNP,NN,3,State
124,67,has,291,294,VBZ,VB,3,ha
124,68,failed,294,300,VBN,VB,2,fail
124,69,them,300,304,PRP,WP,1,them
124,70,.,304,305,.,.,21,.